职位名称,关键词,薪水月薪,城市,公司名称,技能要求,工作经验,"招聘类型（校招，社招）
","产业链环节	",获取时间,职位详情
产品研发工程师,数据中心网络,20-40K,无锡,天通瑞宏科技有限公司,"滤波器,研发",经验不限,社招,数据中心网络,2023/1/11,"1.1负责SAW/BAW滤波器/双工器等新品仿真设计，产品封装EM仿真优化；
1.2参与研发项目具体实施方案的制定工作；
1.3参与产品规格书制作，参与产品的改进与完善，完成公司产品技术标准的更新；
1.4协助研发经理对对顾客特殊特性要求进行识别。
2.1负责组织协调产品研发工作，为产品研发工程中遇到的问题提供技术支持；
2.2相关培训项目。
3.1负责完成实验项目开展过程中的数据、信息收集整理和分析，并根据实验结果做出的相应的改进计划或方案；
3.2完成所承担项目的阶段性报告，组织各阶段项目的评审工作；
3.3参与各自所承担项目的技术参数、指标的制定，并形成相应的规范文件；
3.4完成各自承担项目档案的收集整理，并按照要求进行规范存档；
4.1负责规范产品研发测试流程，并与测试工程师合作进行相关器件的性能测试；
4.2负责监督实验人员的标准、规范的执行；
4.3对产品质量的反馈与建议作出相应反馈；
4.4与工艺工程师配合进行新工艺开发；
4.5配合模型研发工程师调试和改进设计平台。
5.1其他领导交办的事项
任职要求：
1.硕士及以上学历，通信、电子、电磁、电路等相关专业毕业，（重点）本科，并有丰富工作经验的亦可
2.射频滤波器SAW/FBAR/BAW研究背景研发或1年以上相关工作经验，有声表面波器件相关工作经验；
3.熟悉使用常用的仿真设计软件，及制图工具；熟悉网络分析仪/频谱仪等常用仪器使用，熟悉手机射频前端相关知识，梯形和CRF结构的SAW滤波器设计方法，具备英语读写能力。
4.工作态度端正，爱岗敬业，有较强的学习能力、钻研精神，有良好的团队合作意识，良好沟通能力。"
射频主管/经理/总监,数据中心网络,70-80K,无锡,无锡卡曼企业管理有限公司,"多通道波束赋形芯片,高性能微波元器件",5-10年,社招,数据中心网络,2023/1/11,"职责描述：
1、领导管理设计团队； 
2、招募人才，培养新人，壮大团队； 
3、率队开发高性能微波元器件、多通道波束赋形芯片产品，直至量产； 
4、研发新技术，寻求新突破。
任职要求：
1、硕士及以上学历，集成电路与系统、通信、微波等相关专业背景；
2、5年以上相关工作经历，有成功量产工程经验、项目管理经验及团队管理经验；
3、具备责任心、领导力和执行力。
Base：南京研发中心"
研发工程师（新技术）,数据中心网络,8-13K,无锡,双良集团有限公司,"热动力,热能与动力工程专业,热分析,工程热物理专业,SolidWorks,新能源",1-3年,社招,数据中心网络,2023/1/11,"岗位职责：
1、负责研发项目热场、设备结构设计；
2、协助仿真中心完善边界条件、仿真结果分析；
3、负责新技术导入、验证结果分析；
4、完成相关项目专利布局。
任职要求：
1、新能源材料与器械、物理学、材料、热能与动力工程、数学等专业，本科以上学历；
2、3年以上直拉单晶技术开发工作经验；
3、熟悉32吋及以上热场设计原理，了解硅晶体生长原理；
4、熟悉solidworks、CAD、CG-sim、fluent等软件；
5、有N型品质改善、OCZ/CCZ、高拉速、低氧等项目经验者优先；
6、有良好的沟通、学习能力，具备团队协助意识。"
技术专家(C++三维建模方向),数据中心网络,15-20K,无锡,华中科技大学无锡研究院,"QT,OpenGL,Makefile,Cmake",3-5年,社招,数据中心网络,2023/1/11,"岗位职责：
1、你将参与研究院面向航空航天重点项目先进制造软件3d功能核心模块的开发；
2、开发和利用现有的3d引擎的进行复杂几何实时运算仿真系统的研发；
3、配合其他智能和先进制造软件模块C++动态链接库的调用和整体功能的集成
4、配合完成仿真，人工智能算法研究，解决算法的落地，向集团专家展示研究成果
任职要求：
1、硕士及以上学历，计算机，软件，图形图像，自动化，机电工程等相关专业，3~5年相关经验；具有扎实的矩阵论和线性代数的基础
2、热爱程序开发，熟悉面向对象的软件设计和开发
3、熟练使用C++, 熟悉Qt，MFC框架，visual studio，会使用makefile cmake等编译脚本；
4、熟悉或者使用过OPENGL或者DirectX库，熟练使用三维物体变换矩阵，具有实践项目经验；
5、熟悉敏捷开发流程软件开发流程；
6、具有团队合作精神和自我学习的能力
    集萃科技是依托华中科技大学无锡研究院的科技创新企业，是国家数字化设计与制造创新中心江苏中心，以及江苏省数字化设计与制造创新中心。集萃数字制造装备事业部专注于国家重大制造加工项目，聚焦突破两机数字化智能化加工技术瓶颈中的基础软硬件问题，为先进制造工业提供成套工艺解决方案。现有团队包含中科院院士，众多前沿领域教授专家和博士硕士研究生。"
高级专利分析师,数据中心网络,15-20K,无锡,广州奥凯信息咨询有限公司,专利分析,5-10年,社招,数据中心网络,2023/1/11,"职位：高级专利分析师
职责描述：
1.  根据客户和项目需求，完成专利检索与分析项目（包括但不限于专利布局、专利导航、分析评议、态势分析与侵权预警分析等），并做好关联项目的进度与质量把控，保证项目成果如期交付并顺利验收。能够逐步主导解决复杂的解决方案类的项目；
2.  为销售团队提供售前售后等技术支持，包括售前咨询、宣讲培训、项目需求调研、项目申报材料与技术方案的撰写等工作。
3.   做好面向客户或业务关联机构所开展的各种培训与技术交流活动的方案设计与培训组织与实施工作。
4.  负责与项目有关联的公司内外机构的沟通与协调工作，并代表公司参与行业活动，推广公司业务，传播服务价值。
5.  做好专利检索与分析技术的创新研究工作：掌握行业最新的研究方法及案例解读，结合团队优势，产品特点及客户需求，开发引领行业的业务模式，引导客户需求。
6.  做好所辖项目团队的日常管理与人才培养工作。
任职要求：
1. 全日制硕士及以上学历，理工科背景，985/211高校、生物医药、电子、计算机等专业优先；
2. 5年以上知识产权行业经验，有专利代理人、专利审查员或从事企业IPR经验者优先；
3. 精通专利检索与分析、挖掘与布局、高价值专利培育等专业知识与能力；
4. 思路清晰，逻辑严谨，独立的思考与判断力；
5. 敏锐的市场意识，重视客户需求，良好的质量管控意识和以客户为中心的服务意识；
6. 较强的沟通与协调能力，优秀的团队影响力；
7. 英语六级，能够熟练阅读英文专业文献，听说能力优秀者优先。"
技术培训讲师,数据中心网络,10-15K,无锡,无锡药明生物技术股份有限公司,"技术培训,生物制药工艺,GMP生产技术",经验不限,社招,数据中心网络,2023/1/11,"工作内容：
1.负责MFG新员工MFG GMP Basic SOP课堂培训；
2. 负责MFG Module/OJT流程管理，包括SOP的撰写与升版；
3. 负责MFG新员工Module/OJT 实操与记录的培训；
4. 负责MFG新员工Module/OJT记录的审核与归档；
5. 负责MFG课程/模块的新建以及培训材料的收集、撰写与更新；
6. 负责培训中心实验室logbook的申领、回收、GDP的审核整改等；
7. 与培训中心实验室与培训模块相关现有设备的验证、校验、维护、维修，以及新进设备的选型，物料耗材的采购与周转；
8. 配合相关变更、偏差的调查，以及审计整改活动计划的执行；
9. 负责配合部门对有培训需求的员工进行培训，能够按时完成个人的培训任务；
10. 负责生产讲师团队整个实操培训生命周期的管理，包括课程协调、安排、落实、汇总、归档等，包括NEOP OJT培训、在职员工OJT培训和Annual OJT培训；
11. 领导交办的其他工作
 
任职资格：
生物、制药、化学等相关专业本科及以上学历，具有生物制药相关工作经验
具备良好的语言表达、沟通及协调能力，具有团队合作精神、敬业、严谨
特别知识
以下要求二选一：
一、具有GMP生产上游细胞培养相关技术和经验，包括但不仅限于如下要求
1. 精通GMP生产车间的细胞复苏与传代、EOPC建库；
2. 熟练掌握GMP生产车间的RM/WAVE等生物反应器的操作；
3. 熟练掌握接管机、封管机、摇床、BSC、Vi-cell、BGA、RM/WAVE、台秤等设备的日常使用与维护；
4. 至少具有两年以上GMP生产经验。
二、具有GMP下游生产相关技术和经验，包括但不仅限于如下要求
1. 熟悉GMP生产车间各种纯化工艺流程、各种层析技术（亲和、疏水、离子交换等）；
2. 熟练掌握GMP生产车间的AKTA、深层过滤、除病毒过滤、超滤等系统的操作；
3. 熟练掌握装柱工作站、多参数测试仪、完整性测试仪、衡器（台秤、地磅、天平）、紫外分光光度计等设备的日常使用与维护；
4. 至少具有两年以上GMP生产经验
 
岗位亮点：
-深入了解行业TOP公司的GMP培训体系，拓展技术人员职业生涯
-专业的培训发展体系，完善的培训工作流程和指导，积极的团队工作氛围"
图像算法工程师,数据中心网络,18-35K,无锡,上海安维尔信息科技股份有限公司,"语音/图像识别,C/C++,深度学习经验",3-5年,社招,数据中心网络,2023/1/11,"岗位职责：
1、将算法与平台结合进行产品化；
2、将图像算法、视频算法、平台整合落地为实际产品。
任职要求：
1. 硕士以上学历，3年以上经验；
2. 有深度学习， 卷积神经网络， 模式识别， 目标识别跟踪等视频算法科研前沿有涉猎的优先考虑；
2. 在相机标定，多视几何，目标识别跟踪，模式识别，深度学习， 算法加速等方向至少熟悉一个。多项加分；
3. 对模式识别有浓厚兴趣优先考虑。"
机器视觉算法工程师,数据中心网络,13-20K,无锡,江苏智联天地科技有限公司,"C++,算法设计,视觉图像算法,CNN,TensorFlow,PyTorch,机器学习算法,深度学习算法",经验不限,社招,数据中心网络,2023/1/11,"岗位职责
1、搭建基于图像特征的文字信息检测识别模型并优化；
2、搭建基于CNN/LSTM的中文、英文等多语种OCR模型并优化；
3、模型压缩及优化，提高算法速度，性能；
4、追踪前沿的文字检测/识别技术并复现，优化。
任职要求
1. 硕士及以上学历；
2. 2年以上文档OCR算法研发经验；
3. 熟悉Python软件开发、熟悉C++开发(加分项)；
4. 具备图像分析与处理能力：图像分割、版面分析等；
5. 熟悉TensorFlow/pytorch/paddlepaddle等神经网络框架开发；
6. 具备较强的分析问题和解决问题能力。"
研发经理,数据中心网络,12-18K,无锡,上海遨菲克科技有限公司,"电子电气/自动化相关专业,硬件开发经验,硬件项目管理经验",经验不限,社招,数据中心网络,2023/1/11,"任职要求：
1. 具备通信、自动化、计算机、网络工程等相关专业本科以上学历;
2. 了解电路原理，工业产品电路设计；
3. 了解DSP/FPGA软硬件开发；
4. 具备数电及单片机硬件设计基础；
5. 有兴趣从事产品硬件电路开发;
6. 具有较强的团队建设能力和沟通协调能力。
岗位技能要求：
1. 负责单片机、DSP、FPGA、ad转换等数字线路开发;
2. 负责相关线路印制板设计;
3. 根据要求编写相关线路简单程序;
4. 完成整机设计。"
（高级）芯片后端设计工程师,数据中心网络,20-40K,无锡,时擎智能科技（上海）有限公司,"芯片后端,IC后端设计",经验不限,社招,数据中心网络,2023/1/11,"岗位职责：
1. 负责芯片设计的布局布线：FloorPlan，Place，CTS，Route；
2. 时序分析，时序收敛；
3. 物理验证：DRC/LVS/ANT等；
 
任职要求：
1. 有55nm及以下工艺节点后端经验；有28nm以下经验者优先；
2. 熟悉后端设计工具及流程；
3. 熟悉时钟树综合、静态时序分析、时序收敛；
4. 了解功耗分析及电源网络分析；
5. 熟悉工艺规则，熟练掌握物理验证及修正；
6. 熟悉Perl，Python，Tcl, Shell等脚本编程。
7. 熟练运用EDA工具，有Innovus，Calibre，Star-RCXT，Virtuoso 等工具使用经验者优先；
8. 硕士2年，或学士3年以上相关设计经验。"
射频开发工程师,数据中心网络,18-35K,无锡,无锡鸣石峻致医疗科技有限公司,"射频开发,线圈设计,通信,电路仿真,硬件工程师",1-3年,社招,数据中心网络,2023/1/11,"技能要求：
磁共振，射频，线圈，前置放大器，T/R开关，EDA
岗位职责：
1.负责磁共振射频系统的设计研发，包括射频天线，线圈，传感器，T/R开关，放大器等相关子系统和部件设计
2.负责产品架构讨论，方案和器件选型，原型机开发调试，系统集成测试
3.撰写技术文档，支持产品开发流程和相关认证；
相关知识技能要求：
1.熟练使用EDA；熟练使用Layout工具
2.熟练掌握射频测试仪器使用，例如频谱分析仪，矢量网络分析仪，信号源等
工作经验要求：
1.2年以上相关行业工作经验
2.基本射频子部件设计经历，例如天线，混频器，低噪声放大器，功率放大器或者天线，滤波器等
3.有磁共振领域射频设计经验者优先
学历与专业要求：
通信工程，无线电，电子工程，生物医学工程等相关专业"
算法工程师,数据中心网络,10-15K,无锡,航天新气象科技有限公司,"C++,Python,算法设计,深度学习算法,视觉图像算法,机器学习算法",经验不限,社招,数据中心网络,2023/1/11,"岗位职责：
1.负责相关算法的设计与研发工作；
2.负责相关算法模型的优化改进与性能提升；
2.根据任务需求编写软件设计与实现技术文档、专利输出。
岗位要求：
1.研究生及以上学历，人工智能、计算机、软件、数学、物理学、自动化等相关专业优先；
2.有深度学习/图像算法/声学算法相关项目经历；
3.有扎实的编程与算法实现能力，熟悉C/C++、Python、Matlab等至少一种编程语言，能独立完成算法模块的设计与开发工作；
4.扎实的计算机与网络基础，熟悉Linux操作系统有相关开发经验者优先。"
信号完整性工程师,数据中心网络,10-15K,无锡,无锡芯光互连技术研究院有限公司,"射频,微波,SI PI",1-3年,社招,数据中心网络,2023/1/11,"职责描述：
1. 负责Serdes，DDR等高速电路设计和信号完整性仿真;
2.负责芯片封装信号和电源完整性设计、仿真和测试，负责硬件系统级的电源完整性仿真，包括DC IR drop，AC noise等；
3.为从芯片到整机的高速电路系统的垂直整合提供SI/PI方向设计指导，包括die，封装PCB板,系统级SI、PI仿真分析，输出互连设计方案和设计规则，指导layout实现。
4.具备一定调试测试能力，解决高速数字系统中出现的信号传输质量、时序、EMI等相关信号完整性问题和电源完整性问题
5.熟悉高速总线标准和丰富的应用经验，如Serdes/PCIe，Multi-Gigabit Ethernet，DDRx/GDDRx/LPDDRx等，熟练使用ADS ,Cadence SPB/Sigrity, Ansys EM, Hspice等EDA1至2 仿真工具
6. 具有示波器、矢量网络分析仪、频谱分析仪等仪器的使用经验，能够独立完成测试"
技术支持工程师（电磁仿真）,数据中心网络,20-30K,无锡,无锡飞谱电子信息技术有限公司,"CAE,  EDA",经验不限,社招,数据中心网络,2023/1/11,"岗位职责：
1. 负责飞谱电磁仿真软件的售前、售后技术支持工作；
2. 完成客户的验证算例和报告；
3. 负责与客户进行技术沟通并解决各种技术问题；
4. 负责对用户进行产品培训、日常客户支持和相关产品的技术资料准备等；
5. 负责电磁场仿真案例。
任职要求：
1. 天线、射频、电气、雷达等理工科相关专业本科及以上学历，具有硕士以上学位；
2. 熟悉并掌握常用的电磁场分析软件者优先(HFSS、CST、FEKO等)，从事天线、射频、高速等应用经验者优先。
3. 具有较强的人际沟通、协调和人际交往能力，能够为客户提供网络研讨会和现场演讲及展示；
4. 良好的英语阅读能力，熟练使用办公软件；
5. 能够适应经常出差到客户现场做技术支持。"
算法工程师（深度学习方向）,数据中心网络,11-22K,无锡,中科海拓（无锡）科技有限公司,"深度学习算法,视觉图像算法",在校/应届,社招,数据中心网络,2023/1/11,"算法工程师（深度学习图像方向）
1、计算机类相关专业，在读硕士以上学历（研二及以上）；
2、从事基于深度学习的计算机视觉相关项目开发工作；
3、对算法进行测试验证，针对产品研发过程中发现的性能瓶颈进行分析及算法优化；
4、 基于加速硬件提供的驱动，改造移植算法。
5、熟练掌握机器学习基本算法，熟悉各种深度神经网络和常用的模型，如CNN, DBN,SparseCoding, RNN等；
  任职要求：；
1、计算机、数学或相关专业本科及以上学历，2年以上工作经验，有图像处理、信号处理、机器学习、深度学习相关领域背景知识。；
2、具有目标检测、物体分割、图像分类等项目经验的优先
3、对常用的开源实现,如Pytorch, Tensorflow或MxNet等有一定的了解；
4 、宽泛的技术视野，创造性思维，富有想象力，能够独立分析问题，应用多种方法解决问题达到目标；"
数字孪生算法工程师,数据中心网络,15-30K,无锡,无锡雪浪数制科技有限公司,"Python,深度学习算法,PyTorch,C++,视觉图像算法",3-5年,社招,数据中心网络,2023/1/11,"工作职责：
1.	从事工业数字孪生核心算法研发，熟悉克里金模型、响应面模型、线性时不变模型、正交分解法、多层神经网络、动态神经网络、系统辨识模型中的一种或多种算法，并应用于模型降阶；
2.	从事前沿算法调研，如GAN、PINN物理嵌入神经网络、FNO傅立叶神经算子等；
3.   熟练掌握PyTorch、Tensorflow等框架，Python/C++一种或多种编程语言；
4.   承接数字孪生项目算法方案创新，并沉淀知识产权；
5.   协同产品人员丰富体系算法内容，推进算法工具集建设；
任职要求：
1.	计算机/数学/物理 方向硕士及以上学历（博士优先）；
2.   熟悉一种或多种仿真软件使用，如Ansys，Axisuite等优先；
3.   有CV领域深度学习算法经验者优先；
4.   在CVPR/ICCV/ECCV/NIPS/SIGGRAPH等相关顶会发表过论文的优先；
可选工作地点：无锡 上海 杭州"
嵌入式软件工程师(Vehicle Service)_BCSC,数据中心网络,16-30K,无锡,博世（中国）投资有限公司,"C++,通信相关专业,C,Linux,嵌入式/单片机开发经验,汽车多媒体,计算机相关专业,Python,Android",3-5年,社招,数据中心网络,2023/1/11,"职位描述
1.对涉众处理、需求收集和启发任务、定义接口以及与其他组件的协调的总体责任。
2.负责基于Android/QNX的信息娱乐/驾驶舱项目的车载网络（CAN、以太网）相关组件开发（例如Car Service、Vehicle HAL）
3.编写软件设计文件，实现车载网络功能
4.单元测试用例开发、软件发布与维护
5.确保产品质量特性的实现
6.能够估计任务，做计划，识别和解决依赖关系
7.主动参与解决问题并在复杂程序中提供解决方案
职位要求
1.计算机科学/电气/电子或同等专业的学士/硕士学位
2.3年以上汽车产品软件开发经验，专注于中间件/HAL 对车辆网络有深入的了解，例如 CAN，一些/IP
3.熟悉Android & QNX/Linux开发
4.专业的 C++/Java 编程技能
5.熟悉 OOAD 和 UML 概念 使用仿真器/调试器和软件调试技能对硬件进行实时调试。
6.熟悉软件开发流程和工具链
7.良好的英文读写能力
8.能够在快节奏的开发环境中工作
9.良好的团队合作精神，具有出色的沟通技巧"
图像识别算法研发工程师,数据中心网络,18-35K,无锡,无锡星闪智能科技有限公司,"C/C++,OpenCV,计算机相关专业,图像识别经验,Python",1-3年,社招,数据中心网络,2023/1/11,"工作内容：
1.         负责人工智能算法开发和应用开发工作，包括C++和python代码编写；
2.         研发目标检测识别算法，深度学习视频处理算法；
3.         对神经网络进行优化、裁剪、调整、低复杂度处理、量化，根据行业视频监控需求和嵌入式系统算力选择合适的算法并进行适配性修改；
4.         跟踪github各类开源最新算法项目、进行安装和评测
 
岗位要求：
1.         数学、计算机、电子等相关专业，硕士以上学历，两年以上工作经验，英语读写能力强
2.         熟悉AI图像识别算法最新技术前沿，精通图像识别算法构建和优化
3.         精通至少一种深度学习框架
4.         熟练使用openCV、halcon等图像处理库
5.         精通C++、python变成和代码优化
6.         有电力行业智能终端或安防视频监控应用经验者优先。
 
薪资待遇：有竞争力得薪资与奖励政策（面议）  
工作地点（陕西/江苏/北京）"
技术总监,数据中心网络,16-30K,无锡,江苏微之润智能技术有限公司,"大数据,自动化",3-5年,社招,数据中心网络,2023/1/11,"岗位要求：
1）研究水利/气象/环保行业信息化行业发展趋势及技术领域发展方向，主持或参与制定公司长期研发发展战略规划；
2）主导公司研发平台相关的研发工作，包括但不限于自动化、云计算、大数据、人工智能等；
3）负责公司核心技术的研究和技术难点攻关工作，指导并参与核心代码的编写，组织解决研发过程中的重大技术难题；
4）对公司所有软件项目及硬件产品研发流程、质量和开发进度的规划、控制、监督和管理；
5）建立规范、高效的研发管理体系并优化组织架构，持续提升公司整体的研发能力；
6）解决开发中的技术问题，不断推动产品创新和流程优化，从技术层面提高用户体验。
任职资格:
1）自动化/计算机相关专业硕士及以上学历，至少3年行业解决方案或软硬件产品研发经验；
2）对技术市场具有极强的敏锐度，熟悉网络技术架构，数据库及开发工具，能够从客户和业务的角度来进行技术实现，并能及时掌握市场发展动态，为技术技术发展提供决策性建议；
3）具有自动化、云计算、大数据、人工智能等领域产品研发经验，熟悉相关技术领域主流框架技术；
4）具有较强的规划、协调能力，思维活跃、创新能力强，同时具有较强的执行力；
5）能及时关注并学习新技术，追求极致性能和稳定性，具备良好的沟通能力和团队合作精神。"
射频电磁研发工程师,数据中心网络,18-35K,无锡,偲百创（深圳）科技有限公司,"射频开发,ADS,HFSS,频谱仪",1-3年,社招,数据中心网络,2023/1/11,"工作内容:
1、进行公司射频电路和结构的研究试制工作及现有产品的改进工作；
2、进行公司射频产品性能分析、技术可行性研究与评定工作；
3、组织制定产品工艺方案、编制工艺文件的技术标准；
4、组织制定并监督实施公司产品质量管理制度；
5、组织公司质量事故的分析及处理工作；
6、编制其负责年、季、月度产品研究开发计划，并组织实施；
7、完成上级交办的其他工作。
任职资格:
教育背景:
◆理工类专业本科以上学历。硕士学历优先考虑，工作经验可适当降低要求。相关院校：哈尔滨工业大学、华中科技大学、华南理工大学, 东南大学， 电子科学技术大学
培训经历:
◆ 如有keysight培训资历优先考虑。
经 验:
◆本科有3年以上从事射频和微波电路器件的设计的相关工作经验。硕士相关研究经历可算做工作经验。 有过IPD，微带线电路，或是测试电路板设计经验优先考虑。
◆精通 射频微波仿真EDA 软件的使用， 包括但不限于 HFSS, CST Microwave, 和 ADS momentum。
◆精通 计算类型的工具，包括但不限于 matlab,或是 Mathmatica。
◆具有微波测试的经验，并熟悉微波测量设备，包括但不限于 网络分析仪, 频谱分析仪, 和 微波信号元。
技能技巧:
◆熟悉企业产品结构、性能、机理、使用方法等；
◆有扎实的理论基础和技术工作经验，能独立解决产品使用相关问题。
态 度:
◆知识面广、专业基础扎实，善于与各类性格的人交往，善于沟通与交际；
◆有较强应变能力，有责任心，对人热情，良好的团队合作精神，优秀的团队合作意识。
工作条件:
工作场所:办公室。
环境状况:舒适。
危 险 性:基本无危险,无职业病危险。"
人工智能工程师,数据中心网络,15-25K,无锡,江苏天瑞精准医疗科技有限公司,"英文读写能力良好,生物医疗,数据分析,机器学习算法,机器学习算法/工程化经验,TensorFlow/PyTorch,自然语言处理,Hadoop/Hive/Spark,深度学习算法,深度学习经验,数据挖掘,Python",1-3年,社招,数据中心网络,2023/1/11,结合医生诊断疾病的经验数据，通过模型建立和训练，进行检验检查数据的收集整理和分析，使用python和java开发工具完成智能诊断平台的系统开发。
售前工程师,数据中心网络,9-14K,无锡,力合科技（湖南）股份有限公司,"系统集成,智慧城市信息化项目,售前技术支持经验,招投标经验,环境工程、化学应用",1-3年,社招,数据中心网络,2023/1/11,"1.负责项目前期数据应用分析、项目实施总体跟进、方案编写、业主沟通汇报等。
2.有较强专业技术基础，善于沟通、相关经验者优先
加分项
有以下行业经验：环保"
应用开发主管,数据中心网络,10-15K,无锡,无锡微视传感科技有限公司,"技术管理,系统架构,高级技术管理",3-5年,社招,数据中心网络,2023/1/11,"工作内容： 
1.	负责完成公司3D视觉产品硬件电路的设计、开发、调试及量产工作；
2.	带领并指导硬件、软件工程师，顺利完成项目；
3.	围绕3D视觉的产品应用方向调研工作；
4.	负责项目的推进及日常管理工作，各类技术文档的编写及完善；
任职资格：   
1.	通信、电子等相关专业硕士及以上学历，或具有5年及以上工作经验，具有量产的工作经验；
2.	精通FPGA、单片机、ARM、DSP等嵌入式电路的设计；
3.	熟悉高速数字电路的设计；
4.	熟悉嵌入式操作系统，有过操作系统移植经验者更佳；
5.	熟悉数据采集及数据传输，有激光雷达、3D测量相关经验的优先。"
网格算法研究及实现,数据中心网络,11-15K,无锡,中船重工奥蓝托无锡软件技术有限公司,"Python,C++,CMake,算法工程师",在校/应届,社招,数据中心网络,2023/1/11,"院校学历要求：985硕士及以上
岗位能力要求：
1）具备扎实的数理功底和较强的钻研能力；
2）熟练使用C++、Python等编程语言，Qt、STL、Boost、Eigen、Numpy等函数库，CMake等编译工具；
3）掌握链表、栈、二叉树等数据结构和常用排序、搜索算法；
4）能够操作Patran、ANSYS、HyperMesh、PointWise等商业软件生成网格。
工作内容及职责描述：
1）跟踪国外CAE前处理软件技术动向，开展CAE网格生成算法研究；
2）研发可用于结构有限元、CFD数值模拟的高质量网格生成技术，提升前后处理软件产品和自主工业CAE软件的竞争力。"
UI设计师,数据中心网络,12-24K,无锡,无锡锡商银行股份有限公司,"移动端,交互体验设计,UI设计,全职",3-5年,社招,数据中心网络,2023/1/11,"1、负责锡商银行业务线的交互设计工作，制定相关交互规范及流程，保证交互团队交付物的品质；
2、助开发人员完成产品的最终实现，并负责用户体验的持续优化；
3、通过用户研究和数据分析，制定产品信息架构、界面布局、功能引导、操作流程等优化方案，提升产品的易用性；
4、研究现有产品、关注竞争对手，能参与用户研究和可用性测试，以推动产品创立或提升；
5、定期分享设计趋势，推动提高团队的设计能力。
6、熟练使用AI、PS、sketch等设计软件；具备丰富的APP交互设计经验，掌握移动产品设计流行趋势，持续对业界动态保持关注和学习，并尝试在工作中运用。
加分项
有以下行业经验：银行·电子商务·互联网"
硬件工程师 R&D 2,数据中心网络,12-20K,无锡,无锡卓海科技股份有限公司,"芯片/半导体/集成电路,硬件",1-3年,社招,数据中心网络,2023/1/11,"工作职责：
1. 分析仪器电路子系统方案设计；
2、电路原理图设计和电路板调试，负责系统整机联调；
3. 撰写系统设计方案设计报告；
4. 完成生产导入，配合工艺部门开发生产工艺文件。
任职要求：
1、本科及以上学历，电子、信号处理等相关专业；
2、具有良好的模拟和数字电路分析和设计能力；
3. 熟悉掌握电子信号的相关知识，尤其是数据信号的处理和应用；具有信号处理、噪声抑制等硬件设计能力。
4. 掌握数字信号处理中的应用开发，能实现数字信号正交变换，采样率变换（抽取、内插）、滤波等信号处理算法
5、掌握arm、dsp或f**a其中一种嵌入式硬件设计；
6、掌握电磁兼容理论设计和分析系统emc问题；
7、有精密仪器开发者优先考虑。"
WPF研发工程师,数据中心网络,12-20K,无锡,苏州镁伽科技有限公司,"WPF,C#,.NET Core,图形图像处理,高级软件工程师",1-3年,社招,数据中心网络,2023/1/11,"岗位职责：
1.负责开发Windows桌面应用软件的界面和业务流程；
2.其他软件相关的工作。
任职要求：
1.计算机软件专业(及相关专业)大学本科或本科以上学历；
2.精通C＃、WPF、Winform客户端开发,能够进行完全自义定的界面开发，熟悉MVVM；
3.有过dotcore 经验者优先；
4.对面向对象的概念有深刻的理解和应用；
5.熟悉数据结构,数据库和业务流程开发；
6.工作态度积极主动，具有独立解决问题的能力. 责任心强，具有良好的沟通能力及团队合作精神；
7.具有仪器,通讯类项目开发经验者，精通Windows与WPF渲染过程方面的知识者优先；
8.英语四级及以上，能熟练读写英文文档和具备良好的代码英语用词规范"
产品总监,数据中心网络,30-33K,无锡,无锡卡尔曼导航技术有限公司,"智能硬件,导航技术,人工智能",3-5年,社招,数据中心网络,2023/1/11,"岗位职责： 
1、根据公司战略制定产品的整体策略以及短，中，长期规划，并参与整个产品的生命周期。 
2、组织协调项目团队工作开展。 
3、实时跟踪产品的各项数据和用户反馈，并定期分析用户需求、市场需求和竞争对手动态，能够及时调整产品策略和制定改进方案。 
4、不断创新产品和优化产品用户体验，提升用户满意度。 
任职要求 
1、本科及以上学历，电子、通信、计算机等相关专业者优先，至少5年以上相关工作经验。 
2、对智能硬件产品架构及商业形态有深入的认识。 
3、对产品及市场有敏锐的嗅觉，有很强的产品线规划能力。 
4、对工作充满激情，具有强烈的创新精神，富于责任心，能承受工作压力。"
编译器研发高级工程师,数据中心网络,30-60K,无锡,北京红山微电子技术有限公司,"C++,编译器,C语言,LLVM,Linux,Linux开发/部署经验",3-5年,社招,数据中心网络,2023/1/11,"岗位职责：
1、研发新型众核处理器的编译器及工具链；
2、设计并实现众核处理器的编程模型、编程语言；
3、开展性能分析并设计实现编译优化，挖掘硬件潜在性能；
4、调研用户需求，提供有价值的数据及参考意见，参与处理器软硬件协同设计。
任职要求：
1、熟悉CPU、GPGPU或其他众核的体系结构及微结构；
2、具有丰富的LLVM/GCC工具链开发经验；
3、理解CUDA或OpenCL 编程特性；
4、良好的英文沟通能力；
5、自我驱动的进取心，良好的沟通能力、独立工作能力和协同驱动能力、分析问题和解决问题的能力，强烈的团队精神。"
算法工程师（招聘5人）,数据中心网络,15-30K,无锡,无锡北微传感科技有限公司,"算法设计,运动控制算法,深度学习算法,视觉图像算法,C语言,惯性导航",经验不限,社招,数据中心网络,2023/1/11,"岗位职责：
1、惯性导航算法开发；
2、GNSS/INS组合导航算法开发；
3、多传感器融合，定姿、定位算法开发；
4、为公司其他部门提供必要的技术支持；
5、完成上级临时交代的工作任务。
任职要求：
1、导航、制导与控制、测控技术与仪器、自动化、通信、电子类相关专业；
2、 熟悉卡尔曼滤波等数据融合算法；
3、熟悉惯性导航，组合导航算法；
4、熟练使用Matlab；
5、了解加速度计、陀螺仪、磁力计和IMU；
6、 具有较强的上进心，有协作精神，沟通能力好强，执行力高，吃苦耐劳；
7、硕士研究生以上学历，985、211院校毕业优先录取；
8、具有汽车组合导航、工程挖机、农用机械、地质灾害监测、叉车AGV等算法实践经验者优先。"
系统工程师,数据中心网络,15-30K,无锡,国仪量子（合肥）技术有限公司,"Python,MySQL,嵌入式技术,C++,系统集成",1-3年,社招,数据中心网络,2023/1/11,"岗位职责：
1、熟练使用Ansys、Comsol等模拟软件进行有限元数值模拟；
2、负责系统方案的设计和相关技术文档的编写；
3、协同仪器研发的整体联调工作，定位发现问题；
4、负责验证性实验的方案设计、编写和实施；
5、具有良好的沟通表达能力，及时反馈沟通可能存在的问题；
6、完成方案、实验、测试等相关技术文档的编写。
任职要求：
1、硕士及以上学历，理工类相关专业，有电磁波、分析仪器、石油测井仪器设计项目经历优先；
2、熟练掌握Ansys、HFSS、Maxwell、Comsol等有限元模拟软件至少两个；
3、有较强的中文和英文文献阅读和学习能力；
4、至少掌握C/C++、python、matlab 其中一门，做数据分析处理；
5、具备需求分析和系统设计能力，熟悉电磁波、机械、电子学等基本知识；
6、责任心强、动手能力强、有团队合作精神，具有良好的表达能力，及时反馈沟通可能存在的问题。"
Python算法工程师,数据中心网络,12-24K,无锡,无锡高精智航医疗科技有限公司,"C++,Python,算法设计,深度学习算法,机器学习算法,PyTorch",1-3年,社招,数据中心网络,2023/1/11,"职位详情：
1. 参与公司产品后端医疗图形图像数据处理部分的设计与实现，提供高并发高性能高可靠的服务
2. 负责领导技术攻关和创新技术引用
3. 参与产品需求分析，业务逻辑流程与设计，文档编写
岗位要求：
1. python算法开发经验（Plus：三年以上经验，图像处理、数据处理算法）
2. 出色的编码能力，精通python3.6+，熟练掌握numpy，scipy，熟悉常用的算法，解决问题能力强（C++图像处理开发经验也可）
3. 熟悉项目工程化的流程和方法，熟悉pylint，pytest或unittest、Git、pyside或QT等开发工具
4. 有机器学习、人工智能项目开发经验、熟悉 Pytorch / Paddle
5. 有能力承担较高强度的开发工作"
NVH工程师,数据中心网络,9-14K,无锡,无锡吉兴汽车部件有限公司,"性能测试,功能测试",1-3年,社招,数据中心网络,2023/1/11,"任职要求：
1.硕士及以上学历，机械类、汽车类、声学类、工程力学类等相关专业。
2.熟悉声学噪声与振动测试原理，具备相关软硬件的操作能力（如LMS test、BK Pulse等）。
3.了解材料及产品相关测试方法和标准。
4.合作意识强，善于主动学习，有一定的抗压能力。
5.应届或3年以内工作经验。
岗位职责：
1.整车、零件、材料声学噪声与振动测试，对结果进行数据分析及评价，并完善声学性能数据库。
2.根据产品开发目标，提出声学包改善方案。
3.创新应用性研究，为未来产品需求储备相关技术。"
CAE算法研发,数据中心网络,15-30K,无锡,深海技术科学太湖实验室,"数学/统计相关专业,计算机相关专业",1-3年,社招,数据中心网络,2023/1/11,"岗位职责：
1.船舶CAE核心求解软件研发；
2.软件前沿技术（如区块链、云化、人工智能、大数据等）在船舶CAE软件研发中的应用研究；
3.相关科研和软件技术工作；
4.完成领导交办的其他工作。
岗位要求：
1.硕士及以上学历,数学，力学，计算机科学与技术等相关专业；
2.1年以上相关工作经验，有从事软件开发等相关工作经历；
3.具有扎实的数学基础、熟悉数据结构和数值计算；
4.熟悉软件工程，熟悉常规编程语言（C/C++/Fortran或Python）及其开发；
5.熟悉船舶工业软件发展的最新趋势；
6.有CAD/CAE软件研发经验者优先。
（本岗位招聘截止至2022年9月27日，如有意向，请尽快报名。）"
图像算法工程师,数据中心网络,15-20K,无锡,立川（无锡）半导体设备有限公司,"视觉图像算法,算法设计,C++,C#",1-3年,社招,数据中心网络,2023/1/11,"岗位职责：
1、负责图像处理算法的研究,开发和实现。
2、研究,开发和实现AI(包括深度学习)在图像算法中的应用。
岗位要求：
1、物理、计算机、数学、电子工程等相关专业，博士学历或具有2年以上相关工作经验的硕士；
2、扎实的数学和编程功底，精通图像滤波/增强算法，熟悉图像匹配、特征抽取和分类算法；
3、熟练使用C/C++、熟悉SSE、IPP、OpenCV或MIL等应用；
4、熟悉Windows、Linux开发环境；
5、熟悉计算机数据结构和算法、常用数值计算方法；
6、熟悉面向对象的软件设计；
7、有算法加速包括并行运算，SSE/AVX，或GPU经验者优先；
8、有C#，.Net，Python，ML经验者优先；
9、有基于图像的工业检测设备算法开发经验者优先；
10、有AI、深度学习方面的经验者优先；
11、具备良好的技术英语阅读和书面表达能力；
12、具备良好的团队合作精神和沟通能力，责任感强，工作认真仔细。"
SLAM高级算法工程师,数据中心网络,20-30K,无锡,北京超维世纪科技有限公司,"C++,嵌入式技术,视觉图像算法,运动控制算法,SLAM",3-5年,社招,数据中心网络,2023/1/11,"岗位职责：
1负责基本于移动机器人平台的导航/定位算法，为移动机器人提供准确快速的定位信息。
2负责机器人激光SLAM信息配准融合等前端算法的研究、实现与优化
3负责相关算法的开发、测试、嵌入式设备中移植、优化及产品化
任职要求：
1 、硕士以上学历，有比较丰富的单线、多线激光雷达的软件编程经验；    
2 、有扎实的数学基础，精通常见的几何、统计学、李群等基本理论，并熟悉这些技术在激光雷达点云处理、视觉slam领域中的应用； 
3 、熟练掌握C++、PCL、openCV库和常用的数据结构与算法，熟悉ransac，scan matching，回环检测，bundle adjustment等概念；
 4 、至少能够熟练使用一种slam的开源算法(gmapping, hector, cartographer)，使用过ceres，g2o，gtsam等工具箱。"
算法工程师,数据中心网络,15-20K,无锡,上海感图网络科技有限公司,"C++,Python,深度学习算法,视觉图像算法,TensorFlow,PyTorch,Keras",经验不限,社招,数据中心网络,2023/1/11,"岗位职责：
1、基于深度学习的计算机视觉、图像识别等智能算法的研究与开发；
2、负责图像处理类算法的优化及产品化；
3、负责计算机视觉算法的技术难点攻关、性能优化等。
4、紧跟学术前沿，开展高水平和创新性的研究，保持算法在工业界和学术界的领先，参与顶会论文投稿及专利申请
任职要求：
1、计算机、电子、自动化相关专业硕士或者博士毕业；
2、熟练运用PyTorch、TensorFlow、Keras等一个或多个框架，有深度学习实际项目经验；
3、熟悉机器视觉和图像处理常用算法，有图片处理相关经验，熟练使用OpenCV或Halcon；
4、熟练掌握C/C++语言或者Python，熟练掌握常用数据结构和算法；
5、熟练的英文读写能力；"
算法工程师,数据中心网络,12-17K,无锡,重庆仙桃易云数据有限公司,"C++,Python,算法设计,深度学习算法,TensorFlow,PyTorch,数据分析",1-3年,社招,数据中心网络,2023/1/11,"1.根据需求，参与项目产品相关的数据分析和建模；
2.负责深度学习算法前沿技术的研发、开发和产品优化；
3.负责项目产品深度学习和算法模块的设计，实现模型、算法应用到业务系统的产品化落地。
任职要求
1.计算机、深度学习等相关专业本科及以上学历，3~5年及以上相关工作经验；
2.具备熟练的python和C++编程能力，熟悉Linux环境；
3.至少熟悉Caffe/Tensorflow/Pytorch等其中一种框架，了解基础库的使用。具备相关项目经验优先；
4. 熟悉数据的整理和使用，深刻理解数据在深度学习任务中的地位，熟悉深度学习的全流程处理；
5.善于分析和解决问题，沟通能力强，有良好的团队精神，具备阅读英文文献的能力，学习能力强；
6.有强烈的责任心和主人翁意识。"
自动驾驶激光雷达摄像头感知算法工程师,数据中心网络,20-40K,无锡,博世创新软件开发（无锡）有限公司苏州分公司,"自动驾驶,视频算法,pytorch,C++,Python,3D点云库",3-5年,社招,数据中心网络,2023/1/11,"职责描述:
•测试，集成，标定， 同步ADAS车载传感器包含但不限：相机，激光雷达，IMU, 轮速计
•基于深度学习的传感器数据处理/分析/准备例如点云处理，正畸
•复现，测试，基于3D视觉（RGBD相机/激光雷达）的语义分割，环境重建算法
•参与基于3D点云环境地图处理算法的设计和开发过程
•分析项目需求，进行相关可用技术的调研分析，并根据需求和资源进行技术评估
•规划开发进度，并能按计划逐步完成开发工作
•记录开发进程及阶段性成果，里程碑成果进行总结汇报
•及时反馈开发进度及遇到的问题，与团队讨论并寻找解决方案，并记录
•有计算机视觉(pytorch)或者3D点云库处理相关研究和项目的经历
•良好的编程能力，熟悉C++, Python, ROS, Ubuntu.
•计算机，电子，机械或相关信息科学领域
•乐于学习新的工具和编程语言
•独立，积极和主动解决问题的能力
•良好的英文读写能力"
兼职模型训练工程师/图像识别,数据中心网络,20-25K,无锡,无锡漫鲨科技有限公司,"视觉图像算法,深度学习算法,TensorFlow,Caffe,PyTorch",3-5年,社招,数据中心网络,2023/1/11,"岗位职责：
1、针对客户的具体需求，进行计算机视觉相关应用研究，包括但不限于：图像分类、目标检测、目标跟踪、图像处理等；
2、根据业务需求，开展AI算法/模型的选择和优化，包括：准备数据、模型训练与评估、配合软件开发工程师实现平台算法、模型的工程化和服务化；
任职要求：
1、数学、计算机等相关专业硕士以上学历，有相关行业3年以上工作经验；
2、熟练使用Python、C++等语言，掌握一种以上深度学习框架，掌握OpenCV等基础库的使用；
3、熟悉Tensorflow/Caffe/Pytorch等图像识别领域最新框架；
4、熟练掌握等常见图像识别算法框架的训练及模型部署；
5、具有良好的团队精神，责任心强，为人诚实；
6、本岗位为兼职岗位，远程办公，工作时间灵活自由，目标导向制；投递者务必保证有足够时间配合项目的开发和推进。"
解决方案工程师,数据中心网络,7-12K,无锡,无锡暴雪科技有限公司,技术沟通,1-3年,社招,数据中心网络,2023/1/11,"工作能力和工作职责
1、熟悉企业型软件系统开发，了解大数据等相关知识，
2、有产品、售前、前端开发经验者优先，
3、具备很好的沟通能力学习能力，逻辑思维缜密，
4、主要负责基于客户的需求和公司产品相结合，并提供一定的解决方案的构建，对客户进行产品演示和技术沟通。
5、硕士以上学历，1-3年工作经验
薪资待遇：
7K-15K*15薪+奖金
  创业团队，数据类产品，团队氛围超级ok，扁平化管理，适合一起奋斗！
  工作期间你会得到快速成长，同时也能够直接接触各种大型企业，帮他们处理各类数据类产品需求。
加分项
有以下行业经验：数据服务"
中高级C++研发工程师,数据中心网络,30-55K,无锡,北京汤谷软件技术有限公司,"Linux,STL,数据结构,EDA,编译技术",3-5年,社招,数据中心网络,2023/1/11,"职位描述：
1. 开发和维护EDA Simulator软件相关模块；
2. 调试和诊断代码，优化产品性能；
3. 参与新产品的讨论和开发，编写相应模块的需求、设计和测试文档。
任职要求：
1. CS/EE相关专业，全日制本科及以上学历，本科3年、研究生1年以上工作经验；
2. 具备较丰富的Linux平台C++开发经验，熟悉多线程、stl等加分；
3. 熟练使用gdb/lldb，gcc/llvm等编译链接调试流程；懂编译链接技术加分；
4. 熟悉shell、Python等脚本语言加分；
5. 熟悉SystemVerilog、VHDL加分；
6. 有较强的算法和数据结构功底，具备较强的逻辑分析和解决问题能力，思维开阔、对新技术探索有较强的兴趣；
7. 良好的英文阅读和写作能力、良好的团队合作与沟通能力。"
自动驾驶感知算法工程师：,数据中心网络,13-15K,无锡,无锡太机脑智能科技有限公司,"算法设计,自然语言处理,深度学习算法,机器学习算法,视觉图像算法",1-3年,社招,数据中心网络,2023/1/11,"岗位职责：
1、负责激光雷达点云的目标检测、识别、跟踪、预测等算法研发；
2、负责激光雷达点云的场景语义理解、建模等相关算法研发；
3、负责camera、lidar、radar等多传感器融合算法研发；
4、负责障碍物场景语义、行为意图算法研发。
	
任职要求：
1、计算机、电子、应用数学等相关专业的硕士或以上学历；（优秀应届生亦可）
2、具有良好的机器学习的理论基础，良好的数学基础以及分析解决问题的能力；
3、理解车载LiDAR数据，具有良好的点云几何处理与深度学习理论基础，在点云检测、分割、识别去噪、配准、场景建模与语义理解等方面有相关实践经验；
4、深入理解卡尔曼滤波、粒子滤波、贝叶斯理论、概率论、最优化等相关理论；
5、具有实时自动驾驶/机器人系统开发搭建与性能优化经验；
6、熟悉C/C ++程序开发，具有良好的编程习惯；
7、具有良好的英文读写能力。"
图像融合配准算法工程师,数据中心网络,15-30K,无锡,无锡祥生医疗科技股份有限公司,"多模态医学图像配准与,医学图像分割,医学图像识别",经验不限,社招,数据中心网络,2023/1/11,"岗位职责：
1、负责医学图像处理算法研发，包括算法设计、实现、验证等； 
2、负责医学图像处理平台软件编程，包括医学图像三维成像及实时显示、人机交互、数据管理； 
3、依据机器人功能需求，配合其他功能模块进行软件集成测试； 
4、撰写技术文档及平台维护。
任职资格：
1、生物医学工程，自动控制、软件工程，应用数学等相关专业的硕士以上学历；
2、精通C/C++，MATLAB编程，熟悉常用的图像处理库：OpenCV，ITK，VTK，MITK，能够进行医学图像的可视化、二维图像处理和三维重建；
3、拥有以下专业技能优先（至少满足一条）：多模态医学图像配准与融合，医学图像分割，医学图像识别（机器学习，深度学习）； 
4、拥有医学图像后处理项目开发经验优先；
5、具有医学临床背景优先。"
模拟IC设计工程师,数据中心网络,30-50K,无锡,上海鲲程电子科技有限公司,"Verilog,Perl,半导体技术,单片机开发,PCB设计,电路设计,Cadence,CAD",5-10年,社招,数据中心网络,2023/1/11,"资深模拟设计工程师（MCU方向）：
岗位职责：
1、参与SOC/MCU产品规格和系统级架构定义；
2、负责模拟IP的功能/性能参数定义，仿真，设计；
3、负责模拟IP的数据手册文档更新，编写，维护； 
4、负责模拟IP的测试，评价，维护； 
5、指导版图工程师或独立完成版图设计； 
6、参与SOC/MCU芯片测试和量产支持。
岗位要求：
1、电子工程、或微电子等专业硕士学位及以上；
2、在模拟电路设计领域有5年以上工作经验；
3、 熟悉CMOS工艺模拟集成电路设计、流片和测试流程；
4、理解半导体工艺和器件原理，熟悉CAD设计工具, 熟悉低功耗设计方法；
5、熟练运用Cadence Virtuoso和Spectre、Hspice等设计软件和脚本编写；
6、熟悉perl，verilog或verilogA及matlab脚本编写；
7、熟悉Layout Guide，能指导版图工程师进行电路版图设计；
8、具有以下一个或多个模块的设计经验：PLL/LDO/Crystal/OSC/ADC/DAC/LVD/POR/BGR/OP/Comparator等；
9、具有团队精神，责任感，积极主动，沟通能力强。"
FPGA板级验证工程师（测试开发）,数据中心网络,16-25K,无锡,无锡中微亿芯有限公司,"芯片设计,ARM开发,芯片测试,Verilog,嵌入式技术,Linux",经验不限,社招,数据中心网络,2023/1/11,"1）负责FPGA产品各个模块的验证测试用例设计及方案制定；
2）负责FPGA芯片验证板设计及测试用例设计，FPGA代码编写，验证与调试、优化与总结；
3）参与或负责芯片产品的生产测试方案编写，测试规范的制定、ATE测试程序开发、数据分析、失效分析。
任职资格：
1）微电子、电子工程、集成电路、通信、自动化、仪器仪表及相关专业硕士及以上学历；
2）有芯片测试或者FPGA开发工作经验者优先；
3）熟悉FPGA板级开发测试、调试手段和方法，有调板经验者优先；
4）有Xilinx/Actel系列FPGA芯片开发经验，熟悉ISE/Vivado/Modelsim等EDA软件，熟练掌握Verilog语言；
5）熟悉FPGA高速IO接口，具有设计或测试经验者优先，包括FPGA SerDes、DDR、sRIO、PCIe、EMAC等；
6）有嵌入式软件\ARM LINUX 开发经验者优先。
福利待遇：国企福利，六险二金，做五休二，餐费补助，交通补助，全勤奖，项目津贴，年终奖，健身房，羽乒馆等"
技术总监,数据中心网络,20-40K,无锡,江苏奥立信数字科技有限公司,"Java,前端开发,Vue,React,SSH,SpringCloud,Hibernate,Mybatis",3-5年,社招,数据中心网络,2023/1/11,"岗位职责：
1.负责研发团队的搭建与管理，对技术人员进行技术指导和培训，负责分配开发任务，解决项目组在开发、测试、投产过程中遇到的技术问题
2.参与项目调研与需求分析，配合项目经理，对项目进行技术评估，制定技术方案和研发计划，并把控开发进度，实现项目的高质高效交付；
3. 负责不断对系统进行优化，分析和预估系统未来的瓶颈，制定合理解决方案；
4.理解业务需求，负责系统架构、数据模型的设计
5.主持编写系统架构设计说明书和软件概要设计说明书，负责系统关键模块代码的编写 
岗位要求：
1.计算机相关专业硕士以上学历
2.5年以上年IT从业经验，3年以上系统架构设计或分析经验，有一定的技术团队管理和项目管理经验
3.扎实的JAVA开发功底，熟悉SSM等主流开发框架，同时熟悉前端框架与语言者优先
4.有工业互联网平台相关经验者优先
5.特别优异者可发展为技术合伙人。
加分项
有以下行业经验：计算机软件"
算法组组长,数据中心网络,40-70K,无锡,上海安科迪智能科技有限公司,"深度学习算法,算法设计,视觉图像算法,Python,C++,数据分析",3-5年,社招,数据中心网络,2023/1/11,"工作内容：
1. 带领组员进行公司核心算法的升级和开发，增强自动化程度，结果质量和运行速度；核心算法包括但不限于阵列相机建模，基于双目视觉的高质量点云生成等计算机视觉算法；
2. 为算法在产品系统中碰到的问题提供解决方案，并生成新的知识产权项目；
3. 指导和管理算法部门人员完成交付给产品部门的算法模块的开发，并进行合理的质量测试和监管；关键点的测试需要结合亲自动手和安排不同的算法人员测试检查算法模块，确保质量。
任职要求：
1. 精通一部分图像算法，深度学习算法以及相应的编程语言。图像算法包括但不限于拼接，去噪，增强，压缩解压缩等方面，检测，追踪等方向；编程语言包括python和C++；
2. 有良好的数学和逻辑能力，能够重构算法数学结构来解决已有算法在产品中的不足，增加算法在部署平台上的运行/并行效率；
3. 计算机/数学/物理等方向的博士学位；
4. 必须有3年或以上的与图像算法和/或阵列数据分析相关算法相关的研究和开发经验。"
助理应用工程师（应届生培养）,数据中心网络,10-12K,无锡,无锡迅杰光远科技有限公司,近红外光谱,在校/应届,社招,数据中心网络,2023/1/11,"【岗位职责】
1、近红外产品的应用实验，包括需求调研，数据建模以及项目维护。
2、近红外产品的技术支持。
【任职要求】
1、硕士及以上学历，必须为化学、化工、食品、发酵、生物等相关专业。
2、有近红外应用经验、测试和建模等相关项目经验的优先。
3、具有建模算法研究和实践经验的优先。
4、具备较好的沟通表达能力、较强的抗压性、逻辑思维严谨、能适应一定的出差。
【福利待遇】
考勤制度：8:30-17:30，周末双休，法定节假日休。
薪酬福利：入职缴纳社保公积金、年终奖金、项目奖金、每年调薪。
其他福利：带薪年假、带薪病假、免费提供美味午餐、每年员工旅游、不定期团建娱乐活动、定期体检、节日福利、生日礼金。
【总部地址 】
江苏省无锡市新吴区珠江路52号迅杰光远综合大楼（地铁3号线-周泾巷站，步行8分钟到达）。"
研发热场设计工程师,数据中心网络,8-13K,无锡,双良集团有限公司,"新能源,SolidWorks,热动力,热分析,热能与动力工程专业,工程热物理专业,热物理,热能与动力工程",1-3年,社招,数据中心网络,2023/1/11,"岗位职责：
1、协助研发工程师完成新型热场设计；
2、协助研发工程师完成热场与品质数据报告分析；
3、协助研发工程师完成热场与拉晶生产数据分析报告。
任职要求：
1、新能源材料与器械、物理学、材料、热能与动力工程、数学等专业，硕士以上学历；
2、1年左右工作经验；
3、悉solidworks、CAD、CG-sim、fluent等软件；
4、有良好的沟通、学习能力，具备团队协助意识。"
产品工程（应届生）,数据中心网络,7-12K,无锡,无锡中微腾芯电子有限公司,PCB设计,在校/应届,社招,数据中心网络,2023/1/11,"岗位职责：
1、量产电路生产过程中的技术问题、质量问题分析、处理
2、量产电路的备用DUT制作、校准球、测试程序的移机、恢复等工作
3、生产测试程序核对，生产测试数据核查
4、生产技术状态管控
5、技术提升
6、领导交付的其他工作
任职要求：
1）教育背景：微电子相关专业，大学本科及以上学历；
2）技能要求：熟悉IC工作原理，熟悉办公软件、PCB画图软件
3）能力要求：良好的执行力和沟通能力
4）个性要求：良好的职业精神和职业道德，有较高的忠诚度，能够保守单位秘密"
算法工程师,数据中心网络,15-25K,无锡,广州博远装备科技有限公司,"研究导向,云计算,MATLAB,Python,C/C++,计算机相关专业,深度学习经验",经验不限,社招,数据中心网络,2023/1/11,"岗位职责：
1、雷达/通信/电子对抗系统算法设计、仿真分析与验证等工作
2、雷达/通信/电子对抗等领域相关预研课题论证、申报与研究
3、雷达/通信/电子对抗数字仿真相关项目的研究
4、智能化数据处理、认知智能探测、多源信息融合等前沿数据处理技术研究与攻关
任职资格：1、雷达、通信、电子对抗、信号处理、电子信息等相关专业背景，研究生以上学历；接受应届生
2、了解雷达系统，掌握雷达先进信号处理算法、低截获、抗干扰等领域相关理论
3、了解电子对抗系统，熟悉电子对抗相关信号侦察、测向、分选、识别处理技术
4、熟悉跟踪、识别、资源管理、多源信息融合、智能探测等相关知识和理论
5、熟练使用Matlab、C等仿真辅助设计工具
具备敬业、创新、协作等综合素质。"
传感器研发工程师,数据中心网络,10-15K,无锡,航天新气象科技有限公司,仪器仪表,经验不限,社招,数据中心网络,2023/1/11,"岗位职责：
1.在产品研发中承担技术开发的角色；
2.在产品研发中负责建模、仿真、算法开发等；
3.制定测试方案、测试计划，完成试验并记录、分析和交流测试结果
岗位要求：
1.研究生及以上学历，物理学、光学、仪器仪表学，物理建模与仿真、算法、数据分析等相关专业；
2.具有气象传感器研发经验者优先；
3.具有较强的动手能力和广泛的工程兴趣以及扎实的物理基础，并可将理论应用到实践中。"
机器学习算法工程师,数据中心网络,10-15K,无锡,无锡九方科技有限公司,"深度学习算法,Python,分布式技术,算法基础,TensorFlow,PyTorch,Caffe,Spark",1-3年,社招,数据中心网络,2023/1/11,"职责描述：
1.负责机器学习算法的开发及优化；
2.负责包括但不限于气象领域预测产品的核心模型与算法的创新研究与实现；
3.配合团队实现基于机器学习的软件产品并实现商业价值；
4.参与机器学习预测模型的产品和服务的实施。
岗位要求：
1.计算机、数学、统计等相关专业本科及以上学历，3年以上数据科学相关工作经验；
2.扎实的机器学习、数据统计理论和技术基础，具备相关研究或工程经验 ；
3.扎实的编程基础，熟练掌握Python/Matlab/R等数据处理语言中的一种或多种；
4.熟悉机器学习常用的软件框架，具有pytorch/caffe/tensorflow/hadoop/spark使用经验者优先；
5.较强的逻辑思维和独立思考能力，具有切实解决问题的能力；
6.熟悉Linux开发环境，良好的系统编程、数据结构、算法基础、系统设计能力。"
仿真与数字孪生解决方案,数据中心网络,15-22K,无锡,无锡雪浪数制科技有限公司,"Python,数字孪生,仿真",1-3年,社招,数据中心网络,2023/1/11,"职责描述：
1.      负责多学科系统仿真/多物理场耦合仿真/机电液等专业仿真技术/仿真数据管理技术/仿真过程控制技术的研究；
2.      负责调研、整理、编写联合仿真接口组件、工具组件开发方案；
3.      负责调研、整理、编写系统数字样机仿真开发方案；
4.      负责调研、整理、编写仿真模型标定、分析和优化流程开发方案；
5.      与软件开发团队合作进行联合仿真软件与接口的二次开发，参与软件的调试与优化。
 
任职要求：
1.      硕士及以上学历，理工科相关的专业；
2.      至少具备机电液热控等某一专业领域仿真领域的工作经验；至少精通Ansys、西门子、达索、PTC、奥泰尔、Mathworks等厂商的某一种仿真软件的使用；
3.      熟悉模型标定、模型分析、优化设计等相关知识，熟悉HX Modelcenter、Simcenter HEEDS、Ansys optiSLang、MSC SimManager、DS SIMULIA Isight、Optimus等流程与多学科优化软件者优先；
4.      具有系统联合仿真/多物理场耦合仿真经验者优先；熟悉MBSE方法论和基于Modelica语言的多学科系统仿真经验者优先；
5.      具有Java、Python等编程经验者或仿真二次开发经验者优先。"
算法工程师,数据中心网络,12-24K,无锡,江苏微之润智能技术有限公司,"深度学习算法,算法设计",3-5年,社招,数据中心网络,2023/1/11,"岗位职责：
1）负责公司产品算法开发工作, 能够不断深入理解业务和学习技术
    2）持续改进和开发算法以满足产品的准确度和多样性等多方面的需求、功能规划、技术实现；
    3）参与公司产品的代码开发、测试、维护及升级等工作。
任职要求：
1） 计算机科学、软件工程、自动化控制、地理信息、水文水资源、水利工程、供排水、环保、海洋等相关专业，本科及以上学历；
2）大专及以上学历，有3年及以上的java实际项目开发经验；
3）熟悉python语言，有机器学习算法相关经验，了解大规模数据挖掘，分布式计算等相关技术；
    4.责任心强，自我驱动型，具备良好学习、沟通能力及团队协作精神。"
机器视觉算法研发,数据中心网络,15-20K,无锡,深海技术科学太湖实验室,"计算机相关专业,图像识别经验",3-5年,社招,数据中心网络,2023/1/11,"岗位职责：
1.负责项目中目标信号和图像识别算法的研究、仿真及实现；
2.负责图像特征数据库的收集；
3.负责将算法移植到嵌入式处理器平台；
4.负责相关技术文件资料的编写等工作；
5.完成领导交办的其他工作。
岗位要求：
1.硕士及以上学历,计算机应用技术、模式识别与智能系统等相关专业；
2.3年以上相关工作经验，有从事图像处理、机器视觉等相关工作经验；
3.具有较好的图像处理算法基础与数据结构理论基础；
4.熟练使用C/C++、Python等编程语言进行图像处理算法研究和实现；
5.熟悉深度学习等人工智能技术在图像识别方面的应用；
6.熟悉常用的图像处理库，如Opencv等。"
机器人运动控制工程师,数据中心网络,15-30K,无锡,前元运立（北京）机器人智能科技有限公司,"C++,算法设计,控制算法,Matlab,轨迹规划,笛卡尔空间,动力学,ROS",1-3年,社招,数据中心网络,2023/1/11,"岗位职责：
1 多关节机械臂运动学控制算法的开发，包括关节空间、笛卡尔空间的轨迹规划及插补，轨迹过渡、速度前馈等；
2 多关节机械臂的动力学建模及算法开发，包括重力补偿、转矩前馈等建立仿真模型，对算法进行验证机器人算法的软件实现、配合整机联合调试文档编写。
任职要求：
1.全日制硕士及以上学历，自动化、机械、机械电子、航空航天、数学、物理、计算机等相关专业毕业；
2.具有扎实的数学基础，具有机器人学基础知识， 熟悉控制理论
3.精通C/C++，熟悉常见数据结构和算法；
4.具有机器人的运动学和动力学、轨迹规划、运动插补等项目经验优先；
5.熟悉Matlab机器人工具箱、ROS、OpenRave 等优先
6.熟练阅读英文文献，撰写英文文档，能够用英文口语进行技术沟通；
7.喜欢钻研，敢于面对复杂问题，有一定的抗压能力；
8.有良好的团队协作精神。"
模型策略分析师,数据中心网络,17-27K,无锡,无锡锡商银行股份有限公司,"风险控制,风控建模,风控策略,信贷风控,Python,SQL,R语言",1-3年,社招,数据中心网络,2023/1/11,"主要职责：
1、信用风险模型的开发和验证：基于实际数据，开发申请评分、催收评分等信用风险模型，对已有模型的运行情况进行监控、验证；
2、信贷风控策略的设计和优化：综合利用各种分析手段，设计信贷产品的风控策略，并对策略运行情况进行追踪、评估和优化；
3、反欺诈模型和策略的设计、开发和验证：设计并开发信贷产品的线上反欺诈模型和策略，并对模型和策略的运行情况进行监控、验证；
4、信贷产品和流程的风险控制：对贷款产品的线上风控流程进行设计、评估。
任职资格：
1、数学、统计学、经济学（计量经济学方向）或有较强机器学习理论和实践背景的其他专业，硕士研究生以上学历；
2、熟练掌握SAS、STATA、R软件中的至少一种，能熟练使用python的优先；
3、逻辑思维能力突出，对数据分析有浓厚的兴趣，踏实认真，有责任感；
4、应届生或毕业2年以内，985院校、海归优先。
岗位职级
专员/助理"
图形算法高级开发工程师,数据中心网络,22-40K,无锡,无锡飞谱电子信息技术有限公司,"C/C++,数学/统计相关专业,opencascade",3-5年,社招,数据中心网络,2023/1/11,"岗位职责：
1.参与自主CAE/EDA软件的分析，开发与管理；负责计算机图形算法的前沿技术研究；
2.负责几何图形的CAD三维建模；
3.需求分析、软件系统的架构设计、基于QT的代码编写；
4.有关技术方案、产品文档的编写 ，软件单元的测试；
任职要求：
1、应用数学、计算机图形学、软件工程、自动化、电子信息等相关专业，硕士及以上学历；
2、3年以上软件开发经验，精通计算机图形学与计算几何，精通OpenGL，ACIS，Parasolid，OpenCascade等图形库；
3、专业基础扎实，对数据结构、数据库、操作系统有深刻认识；
4、掌握面向对象程序设计思想，熟悉常用设计模式，具有良好编程习惯；
5、具有团队协作、独立工作能力。具有良好的人际沟通能力，工作积极主动，责任心强，能承受一定的工作压力；
6、具有计算机图形类软件（算法）开发经验，熟悉三维建模方法，有界面设计经验者优先；
7、具有CAE软件开发经验者优先。
工作地点不限"
算法应用工程师(XJ000158),数据中心网络,12-20K,无锡,上海感图网络科技有限公司,OpenCV,经验不限,社招,数据中心网络,2023/1/11,"岗位职责：
1、基于深度学习的计算机视觉、图像识别等智能算法的研究与开发；
2、负责图像处理类算法的优化及产品化；
3、负责计算机视觉算法的技术难点攻关、性能优化等。
4、紧跟学术前沿，开展高水平和创新性的研究，保持算法在工业界和学术界的领先，参与顶会论文投稿及专利申请
任职要求：
1、计算机、电子、自动化相关专业硕士或者博士毕业，可考虑应届毕业生；
2、熟练运用PyTorch、TensorFlow、Keras等一个或多个框架，有深度学习实际项目经验；
3、熟悉机器视觉和图像处理常用算法，有图片处理相关经验，熟练使用OpenCV或Halcon；
4、熟练掌握C/C++语言或者Python，熟练掌握常用数据结构和算法；
5、熟练的英文读写能力；"
自动驾驶定位算法工程师,数据中心网络,13-15K,无锡,无锡太机脑智能科技有限公司,"算法设计,运动控制算法",1-3年,社招,数据中心网络,2023/1/11,"岗位职责：
1、负责无人车融合定位核心算法的架构设计与技术规划；
2、分析解决解决无人车卫星定位/激光定位/惯导定位/等融合定位系统问题；
3、对定位算法进行优化，通过策略剔除错误观测数据，提高定位的精度和鲁棒性；
4、配合实车测试联调相关算法和功能，跟进解决相关问题等。
	
任职要求：
1、计算机、自动化等相关专业硕士及以上学历；（优秀应届生亦可）
2、具有扎实的SLAM理论基础，熟悉VINS 等开源算法并有实际的项目经验；
3、深入理解卡尔曼滤波、贝叶斯理论、估计理论、最优化等相关理论；
4、精通组合惯导基本原理，有实际的项目开发经验；
5、有自动驾驶融合定位算法经验，熟悉Camera/IMU/GNSS融合算法或有激光雷达的SLAM定位导航算法并有实际项目经验者优；
6、具有实时自动驾驶/机器人系统开发搭建与性能优化经验；
7、熟悉C/C ++程序开发，具有良好的编程习惯；
8、具有良好的英文读写能力。"
图像融合配准算法工程师,数据中心网络,16-30K,无锡,无锡祥生医疗科技股份有限公司,"图像融合配准算法,医学图像分割,多模态医学图像配准,医学图像后处理",1-3年,社招,数据中心网络,2023/1/11,"岗位职责：
1、负责医学图像处理算法研发，包括算法设计、实现、验证等； 
2、负责医学图像处理平台软件编程，包括医学图像三维成像及实时显示、人机交互、数据管理； 
3、依据机器人功能需求，配合其他功能模块进行软件集成测试； 
4、撰写技术文档及平台维护。
任职资格：
1、生物医学工程，自动控制、软件工程，应用数学等相关专业的硕士以上学历；
2、精通C/C++，MATLAB编程，熟悉常用的图像处理库：OpenCV，ITK，VTK，MITK，能够进行医学图像的可视化、二维图像处理和三维重建；
3、拥有以下专业技能优先（至少满足一条）：多模态医学图像配准与融合，医学图像分割，医学图像识别（机器学习，深度学习）； 
4、拥有医学图像后处理项目开发经验优先；
5、具有医学临床背景优先。"
图像算法工程师,数据中心网络,17-28K,无锡,无锡中微亿芯有限公司,"C/C++,计算机相关专业,图像识别经验,Python,数学/统计相关专业",3-5年,社招,数据中心网络,2023/1/11,"岗位职责：
1.负责图像处理相关算法的原型设计、系统设计及优化；
2.或负责图像处理相关模块的架构设计、实现及产品规格设计；
3、主要从事图像处理、机器视觉、视频图像等方面的算法研究与开发工作
4、负责算法的工程化落地，负责图像处理相关模块的架构设计、实现及产品规格设计
任职要求：
1、本科以上学历，本科5年硕士3年以上工作经验；
2、掌握数据建模，常用数据挖掘方法，如：线性回归，逻辑回归，决策树分群，聚类、关联分析等；
3、熟悉TensorFlow、Spark、Caffe等主流机器学习和深度学习框架；
4、熟练掌握一门以上编程语言（Python／Java等），能熟练实现算法逻辑，参与过实际工程项目；
5、使用过FPGA、GPU或者Hadoop/Spark/MPI 等计算平台中的一种或几种，对并行化计算有较深入的认识和理解；
6、有机器学习、人工智能等实际产品开发经验；
7、有较强的逻辑思维能力、优秀的沟通、文档、表达及团队合作能力。"
高级应用工程师,数据中心网络,15-20K,无锡,无锡迅杰光远科技有限公司,"近红外产品,数据分析建模,解决方案输出",5-10年,社招,数据中心网络,2023/1/11,"【岗位职责】
1、近红外产品应用开发，包括需求调研分析，数据分析以及项目管理。
2、近红外解决方案的输出和落实。
3、近红外售前及售后技术支持。
【任职要求】
1、研究生以上学历，化学、化工、食品、发酵、制药等相关专业。
2、具备较好的沟通表达能力、较强的抗压性、逻辑思维严谨、能适应出差工作。
3、有近红外应用经验、测试和建模等相关从业经验。
4、本岗位优先Base江苏无锡，同岗位成熟经验者可区域性属地化办公（home office）。
【福利待遇】
考勤制度：8:30-17:30，周末双休，法定节假日休。
薪酬福利：入职缴纳社保公积金、年终奖金、项目奖金、每年调薪。
其他福利：带薪年假、带薪病假、免费提供美味午餐、每年员工旅游、不定期团建娱乐活动、定期体检、节日福利、生日礼金。
【总部地址 】
江苏省无锡市新吴区珠江路52号迅杰光远综合大楼（地铁3号线-周泾巷站，步行8分钟到达）。"
产品研发工程师(模组),数据中心网络,18-35K,无锡,天通瑞宏科技有限公司,"模组,射频前端,研发",1-3年,社招,数据中心网络,2023/1/11,"职责描述：
1.1负责模组产品的设计与开发；
1.2负责研发项目具体实施方案的制定工作；
1.3负责模组产品规格书制作；
1.4负责模组产品的改进与完善，完成公司产品技术标准的更新；
1.5协助研发经理对顾客特殊特性要求进行识别。
2.1提供模组产品销售、测试、生产的技术支持工作。
3.1负责完成实验项目开展过程中的数据、信息收集整理和分析，并根据实验结果做出的相应的改进计划或方案；
3.2负责完成各自所承担项目的阶段性报告，组织各阶段项目的评审工作；
3.3负责完成各自所承担项目的技术参数、指标的制定，并形成相应的规范文件；
3.4负责完成各自承担项目档案的收集整理，并按照要求进行规范存档；
3.5负责制定和修改技术规程，编写研发相关操作手册等文件。
4.1负责研发样品的检测评估工作；
4.2负责监督实验人员的标准、规范的执行。
任职要求：
1.硕士及以上学历；优秀应届毕业生亦可；重点本科，并有丰富工作经验的亦可，通信、电子、电磁、电路等相关专业毕业
2.具有3年以上射频滤波器研发相关工作，有模组产品相关工作经验。
3.精通RF和相关RF器件的知识；熟练运用常用的仿真软件，熟练应用常用的制图工具；熟悉手机射频前端相关知识，以及英语读写能力。
4.工作态度端正，爱岗敬业，有较强的学习能力、钻研精神，有良好的团队合作意识，良好沟通能力。"
算法工程师,数据中心网络,15-25K,无锡,无锡唯因特数据技术有限公司,"Java,C++,Python,分布式技术,算法设计,自然语言处理,深度学习算法,机器学习算法",3-5年,社招,数据中心网络,2023/1/11,"职位描述：
1. 负责公司关联的具体业务数据的统计、分析、挖掘，及算法与模型的实现、调优；
2. 参与相关的机器学习模型与算法的研究，并应用到最终业务；
3. 协助开发人员实现模型、算法应用到业务系统的产品化落地。
技术要求：
1. 具有应用数学、统计学、信息技术或计算机技术相关专业本科以上学历（硕士以上优先）；
2. 3年以上算法设计和软件开发经验，从事与数据分析相关的算法类工作1年以上；
3. 能够熟练使用Python、c/c++、Java、R、Scala等语言中的至少一种，熟悉Linux环境；
4. 熟悉机器学习、数据挖掘分析的基本原理和流程，对常见的回归，分类，聚类算法，时间序列分析等，如LR，K-Means,决策树，GBDT,SVM等有深入理解，有相关的项目应用经验更佳；
5. 了解NLP, 深度学习，强化学习，有相关项目经验者优先；
6. 了解Spark, Hadoop，Tensorflow等开源生态, 有较强的编程和工程实现能力，有相关项目经验的优先；
7. 善于分析和解决问题，良好的沟通与表达能力，有较强的英文资料阅读能力，富有想象力和学习能力。
8. 诚实守信，具有团队合作精神，强烈的责任心与主人翁心态，抗压能力强。
9. 有能源领域相关行业数据分析经验者优先。"
算法工程师——3D视觉,数据中心网络,22-35K,无锡,江苏范特科技有限公司,"语音/图像识别,Python,C/C++,计算机相关专业,机器学习算法/工程化经验",经验不限,社招,数据中心网络,2023/1/11,"范特科技成立于2021年3月，致力于用AI+AR+数字孪生融合技术完成场景落地到场景运营的闭环，为客户提供“一站式”行业解决方案。公司核心研发团队来自大厂及独角兽企业（研发均为85后，算法90后），今年完成A+轮上亿级融资。算法部由无锡市高新区飞凤人才、新加坡南洋理工大学博士带队，资源及福利包括但不限于：
（1）充足的算力：配个人工作站（带独立显卡3090ti）、多台本地8卡服务器和云服务器；
（2）丰富的数据：完备的开源数据库、优质的行业数据集；
（3）首席科学家定期组织算法研讨，分享前沿科技、解惑技术难题；
（4）公司的数据标定团队，可以为算法快速提供高质量的标签数据；
（5）公司的模型量化团队，可以为模型进行算子层的定制和量化，适配各大系统架构和算力平台；
（6）公司常年零食投喂、定期团建；
（7）不打卡，弹性上下班。
如果你具备以下品质，欢迎加入我们：
（1）拥有优秀的写码能力和算法思维；
（2）善于逻辑推理和数学推导；
（3）对工作和技术有自驱动力；
（4）活用算法解决实际难题，不局限于已有范式。
岗位职责：
（1）根据公司战略规划，从0到1开发算法模块，并围绕精度、速度、硬件适配性优化算法；
（2）协同工程和业务团队推动算法模型在实际场景中的应用；
（3）跟进行业前沿技术发展趋势。
任职要求：
（1）精通C/C++、python等至少一门编程语言，熟悉Linux开发环境；
（2）拥有扎实的算法基础：掌握建图和定位相关算法的基础理论，熟悉SLAM算法的常见框架（如ORB-SLAM、VINS/VIO等），理解点云匹配、点云分割等相关算法。
（3）有相关课题研究或项目经验。
注：请在投递的简历中，务必写清在学校或工作期间参与的项目。"
软件开发工程师,数据中心网络,23-35K,无锡,无锡玖熠半导体科技有限公司,"数据结构,Linux,计算机软件,EDA软件",经验不限,社招,数据中心网络,2023/1/11,"** 你会做些什么
1.与技术支持和算法团队合作，实现并优化高端EDA软件；
2.芯片良率分析全流程相关工具，包括Scan Insertion，ATPG，MBIST，Coverage Diagnosis 等；
3.您将能接触最前沿的软件研究课题，如高效编译，数据库，智能决策，并行计算加速等；
4.作为Founding Member，在高成长性的中国工业软件市场与公司共同发展；
** 我们想要看到这样的你
1.计算机，电子工程，微电子或相关专业硕士及以上学历，同样欢迎应届生；
2.丰富的面向对象编程经验，精通C/C++(11)/STL ；
3.丰富的用户态开发经验并能独立的快速定位和调试程序错误；
4.精通数据库和数据结构；
5.熟悉Tcl或Python 脚本语言；
6.对内存管理有深入理解并进行性能优化；
7.了解编译原理和基于Cmake的Linux软件开发流程；
8.有良好的分析，沟通，组织和团队协作能力以共同解决实际问题；
9.良好的代码和文档编写习惯；
**一些工作细节以及你的报酬：
1. 虽然我们规定每天工作时间9：00- 18：00，实际还是弹性工作制，我们拒绝996，当然双休和国定假是必须的。并且每年有带薪年假，只要你合理安排肯定能用完；
2. 我们会按照你的薪水足额缴纳五险一；
3. 我们是初创公司，所以早期加入的人会有着充足的上升通道；
** 以下项目经验之一或若干者优先：
1.芯片设计软件开发，客户支持或应用 (综合，布局布线，时序分析等)；
2.基于Tcl的UI与C/C++内核集成；
3.有Lex&Yacc编译器开发；
4.软件License管理；
5.软件测试自动化平台搭建；
6.了解操作系统的事件调度处理机制和CPU多线程应用程序开发；
7.了解大规模并行计算的基本原理以开发基于CUDA的并发应用程序；"
IT类管培生（2023届校招）,数据中心网络,10-13K,无锡,远东控股集团有限公司,企业内部IT技术支持,在校/应届,社招,数据中心网络,2023/1/11,"硕士研究生培养期薪酬：10-13k。工作地点：江苏宜兴。提供单间住宿。
一、培养方向：信息安全工程师
1.体系建设，负责公司信息安全技术架构体系的规划、安全管理制度、流程、策略的
制定、修订、实施与推行，进行信息安全管理标准、技术和安全产品的研究，制订公司安全技术和产品标准；
2.安全管理，对公司信息系统的规划、建设及运维等进行风险评估与分析，及时发现潜在问题并采取预防措施，引导开发及实施人员修复安全漏洞；提供信息系统运行环境的安全技术支持，保证安全疑难问题及时处理与解决；确保数据、应用、系统、网络的安全。快速处理突发的安全事件，提交安全事件报告。
3.协助其它岗位工作，完成领导交办的其他工作。
二、培养方向：系统服务工程师
1.架构规划，根据公司战略方向和业务发展合理规划企业基础设施服务器、存储架构和资源，设计并构建支撑集团及各子公司应用系统稳定、高效、安全的多活数据中心系统架构平台，保障业务连续性；
2.项目建设，主导超大型、创新性系统类项目，并开展需求分析、方案设计、项目实施等工作。
3.体系建设，负责建立系统安全管理和控制体系，技术及设备的标准、规范，通过推行、监督和优化，确保集团系数据中心系统架构的安全、稳定、高效、合理
4.其他，协助其它岗位工作，完成领导交办的其他工作。
三、培养方向：网络服务工程师
1.网络运维，为集团及各子公司提供日常网络技术支持，及时处理与解决日常网络事件，负责日常监控网络设备可用性及性能，及时发现潜在问题并采取预防措施，调整与优化网络资源。负责公司接入及汇聚网络设备的巡检、监控、配置变动及设备故障处理。建立网络拓扑、IP 地址规划分配、布线系统等文档资料，及时撰写、更新工作及技术文档，负责网络设备固定资产的全生命周期管理。
2.项目支持，参与公司基础架构网络项目需求分析，方案设计、实施、验收，协调相关资源，进行功能及性能测试、用户培训、设备上线等实施工作。
3.协助其它岗位工作，完成领导交办的其他工作。
四、培养方向：业务需求分析师（BA）
1. 作为主管级的备份及助手。辅助主管搜集整理需求、技术、供应商资料。参与项目实施。辅助主管做定量和定性分析，撰写项目文案及汇报材料。
2. 参与原型设计、需求调研、技术调研、同行评审报告、测试案例、测试报告及其他相关的工作。
任职要求
具备较强的分析与解决问题的能力、表达沟通与团队协作能力、逻辑思维以及学习能力。"
图像算法工程师,数据中心网络,15-30K,无锡,上海安维尔信息科技股份有限公司,"图像处理,车辆识别,手势识别,人脸识别",经验不限,社招,数据中心网络,2023/1/11,"职责描述： 1、将算法与平台结合进行产品化； 
2、将视频算法、平台整合落地为实际产品。
任职要求： 
1. 理工科硕士及以上学历，有深度学习， 卷积神经网络， 模式识别， 目标识别跟踪等视频算法科研前沿有涉猎的优先考虑； 
2. 熟悉至少下列中一项技能 C++， GPU， Matlab的优先考虑； 
3. 对深度学习、模式识别有浓厚兴趣优先考虑"
数学统计,数据中心网络,12-15K,无锡,无锡素源网络科技有限公司,数学 统计 算法,1-3年,社招,数据中心网络,2023/1/11,"1 统计学 数学及相关专业，硕士，最好做过数据处理和分析；                     
2 具有2-3年以上工作经验，有产品经理思维；"
嵌入式软件系统工程师,数据中心网络,15-25K,无锡,博世（中国）投资有限公司,"嵌入式技术,嵌入式软件开发,DSP开发,软件测试",经验不限,社招,数据中心网络,2023/1/11,"汽车动力总成电控软件功能开发，包括客户需求分析、方案设计、功能建模、软件测试及部分代码的编写。
工作内容：
-	与整车厂、发动机厂进行合作，指导客户进行ECU应用层软件的开发，定义客户层接口，实现客户软件与 ECU软件的匹配
-	基于ASCET进行应用层软件开发，同步进行部分编译工作和软件集成
-	通过INCA、CANalyzer、CANoe等进行软件测试
-	关键数据标定及硬件兼容性检查
任职要求：
-	硕士及以上学历，电子电气、机械电子、仪表仪器、车辆工程等专业
-	具有嵌入式软件开发经验
-	掌握C语言，具有一定的编程经验
-	掌握ASCET、Simulink等工具者优先
-	了解AUTOSAR软件架构和CAN协议者优先
-	具备基本的英语书写和口语交流能力"
Java工程师,数据中心网络,12-24K,无锡,佰倬信息科技有限责任公司,"SQL,架构师,Windows,Linux,Android",3-5年,社招,数据中心网络,2023/1/11,"为佰倬数据安全解决方案开发Windows / Linux/Mobile软件；
代码重构及性能优化，保障系统的稳定性及性能；
设计和实现数据库模式和数据访问查询；
聆听市场和用户反馈，完善和提升产品功能和性能；
阅读和解析各类代码。
职位要求：
熟练掌握JAVA编程语言，1+年工作经验；
熟悉软件开发流程，具有一定的软件架构设计能力；
对Windows或Linux或Android操作系统有深入的了解，有底层开发经验者优先；
了解SQL或其他数据库的基础知识；
良好的书面，口头和沟通技巧。
本科及以上，硕士优先"
电磁算法研发,数据中心网络,15-30K,无锡,深海技术科学太湖实验室,机器学习算法/工程化经验,1-3年,社招,数据中心网络,2023/1/11,"岗位职责：
1.负责项目中电磁场建模、数据采集、预处理和数据分析等工作；
2.负责外协项目的跟踪与调试；
3.负责相关技术文件资料的编写等工作；
4.完成领导交办的其他工作。
岗位要求：
1.硕士及以上学历,信号与信息处理、检测技术与自动化装置、地球探测与信息技术、地质工程专业；
2.1年以上相关工作经验，有从事地球电磁场数值模拟、数据处理及相关磁法探测项目等相关工作经历，具备工程背景，野外或海上项目经历；
3.具备扎实的海洋电磁场理论知识、掌握电磁探测的各种基本方法；
4.具备地球电磁场数值模拟仿真能力；
5.熟悉磁场/电场传感器，具备与系统适配度分析的能力。
（本岗位招聘截止至2022年9月27日，如有意向，请尽快报名。）"
【模型策略分析师】,数据中心网络,15-27K,无锡,无锡锡商银行股份有限公司,"风险控制,风控建模,反欺诈调查,风控策略",1-3年,社招,数据中心网络,2023/1/11,"主要职责：
1、信用风险模型的开发和验证：基于实际数据，开发申请评分、催收评分等信用风险模型，对已有模型的运行情况进行监控、验证；
2、信贷风控策略的设计和优化：综合利用各种分析手段，设计信贷产品的风控策略，并对策略运行情况进行追踪、评估和优化；
3、反欺诈模型和策略的设计、开发和验证：设计并开发信贷产品的线上反欺诈模型和策略，并对模型和策略的运行情况进行监控、验证；
4、信贷产品和流程的风险控制：对贷款产品的线上风控流程进行设计、评估。
任职资格：
1、数学、统计学、经济学（计量经济学方向）或有较强机器学习理论和实践背景的其他专业，硕士研究生以上学历；
2、熟练掌握SAS、STATA、R软件中的至少一种，能熟练使用python的优先；
3、逻辑思维能力突出，对数据分析有浓厚的兴趣，踏实认真，有责任感；
4、应届生或毕业2年以内，985院校、海归优先。"
算法工程师（图像方向）,数据中心网络,15-30K,无锡,中科海拓（无锡）科技有限公司,"语音/图像识别,Python,OpenCV,TensorFlow/PyTorch,计算机相关专业,深度学习经验,机器学习算法/工程化经验",3-5年,社招,数据中心网络,2023/1/11,"岗位职责:
1、从事基于深度学习的计算机视觉相关项目开发工作； 
2、针对问题设计并实现相关的模型与算法，并能够制作数据集对模型与算法进行测试验证；
3、改造移植模型与算法，使其能够适配具体计算环境，并能够针对产品研发过程中发现的性能瓶颈进行分析及优化；
4、编写算法相关技术文档。
任职要求：
1、熟练掌握C/C++/Java/Python语言中的一种或几种，能对算法复杂度进行分析和验证；  
2、掌握常规的数据分析方法，基本的统计模型，有机器学习、深度学习经验者优先；
3、能够在Linux环境下编程，熟悉操作系统底层机制；
4、良好的抗压能力和团队协作能力；
5、良好的写作与沟通能力，能清楚的阐述算法的原理、流程及结果等"
AS理化分析组长/助理主任,数据中心网络,18-28K,无锡,上海药明生物技术有限公司,"CMC,分析方法开发,HPLC,质谱,毛细管电泳,团队管理,偶联",5-10年,社招,数据中心网络,2023/1/11,"岗位职责:
1. 领导一个分析科研团队。可以指导和支持研究员。
2. 熟练使用高效液相色谱和毛细管电泳技术检测大分子药物的质量，协助细胞构建、细胞培养、纯化和制剂部门优化工艺；
3. 可以指导研究员为新型抗体偶联药物或其它蛋白药物开发适用的高效液相色谱(HPLC)、毛细管电泳(CE)和毛细管等电聚焦电泳(iCIEF)分析方法；
4. 指导支持产品在放行和稳定性研究阶段的质量检测和常规（pH/渗透压/浓度）检测；
5. 为工艺研发部门、质量部门和客户解读分析数据，提供检测建议，推动项目顺利进行，协助药物在国内外申报；
6. 撰写和审核COA, 方法开发报告，方法确认报告。撰写中英文方法开发报告和标准操作流程(SOP)；
7. 维护实验仪器设备，遵守安全操作与规范。
任职要求:
1. 本科+10年及以上业内经验，或硕士+5年及以上业内经验或博士+2年以上经历，生物化学/分析化学/仪器分析背景;
2. 熟练使用HPLC/CE/iCIEF/等分析仪器，以及Empower数据分析软件;
3. 良好的英文听说读写能力;
4. 性格开朗，沟通能力强，积极好学，有团队合作精神。"
应用工程师,数据中心网络,10-15K,无锡,无锡迅杰光远科技有限公司,"近红外应用,实验室,售前支持",1-3年,社招,数据中心网络,2023/1/11,"【任职要求】
1、本科以上学历，必须为化学、化工、食品、发酵、生物等相关专业。
2、有近红外应用经验、测试和建模等相关从业经验的优先。
3、具有建模算法研究和实践经验的优先。
4、具备较好的沟通表达能力、较强的抗压性、逻辑思维严谨、能适应一定的出差。
说明：此岗位所属部门现有2位博士，可培养对此岗位有发展意向的硕士或博士应届生，欢迎硕博应届生投递咨询。
【岗位职责】
1、近红外产品的应用实验，包括需求调研，数据建模以及项目维护。
2、近红外产品的技术支持。
3、新算法的研究与实验。
4、近红外售前及售后技术支持。
【福利待遇】
考勤制度：8:30-17:30，周末双休，法定节假日休。
法定福利：入职缴纳社保公积金，带薪年假。
特色福利：免费提供美味午餐、带薪病假、每年员工旅游、不定期团建休闲活动、定期体检、节日福利、生日礼金。
【公司地址 】
无锡市新吴区珠江路52号迅杰光远综合大楼（地铁3号线-周泾巷站，步行8分钟到达）。"
工业互联网数字工厂解决方案专家/高级专家,数据中心网络,20-35K,无锡,无锡雪浪数制科技有限公司,"工业互联网,智能制造,数字工厂",3-5年,社招,数据中心网络,2023/1/11,"岗位职责：
1、 负责工业互联网、智能制造工程、数字化工厂和车间的新建或者改进型咨询与规划，基于数据对包括精益化、自动化、网络化、信息化等技术的方案整合，提出符合客户实际要求的规划设计方案；
2、 收集和理解客户需求，制定总体方案架构，能够依据公司产品和能力明确各专业职责分工，把控项目整体进度，满足客户需求或引导客户方向；
3、 支持培训及市场活动。能够对公司内部和客户等提供智能制造或数字化工厂或工业互联网等概念和技术进行培训讲座，能够面向市场活动如研讨会、发布会、座谈会等，提供技术支持、演讲、培训和客户拜访等工作；
4、 能够独立进行售前演示、演讲，以及解决方案、招投标文件、立项报告等各类文件的编写工作；
5、 对已完成项目形成案例产品化，总结行业经验，不断提升公司产品和解决方案能力；
6、能够回答客户关于公司产品、智能制造整体系统概念和先进技术的复杂技术问题。
任职要求
1、具备工业大数据背景者优先。 
2、具有较强的制造业企业背景知识，熟悉工业制造业行业及信息化应用解决方案，熟悉机械加工、高端装备、半导体或其他制造行业（离散行业优先）的业务和特点，能够向客户提供有针对性的行业方案；
3、 具备较强的文案编写能力，能够根据行业业务特点和客户需求，组织撰写智能制造系统整体解决方案；
4、 具有良好的书面表达、报告撰写、PPT呈现和材料讲解能力；
5、 团队协作意识强，协助公司内部知识管理和储备；
6、 熟悉西门子工业软件体系、功能特色、系统配置等优先，包括产品全生命周期管理PLM、设计NX、仿真Tecnomatix、制造运营Opcenter等系统软件，或熟悉某个行业的系统应用者优先；
7、 具备MES、PLM、仿真系统等相关产品的实施服务经验、项目管理经验或售前支持经验者优先；
8、 优秀的学习能力、团队协作和责任心；
9、配合项目需求进行相应的出差，能承受较大的工作压力。
技能要求：
1、深入理解智能制造工程和数字化工厂的建设特点和要求；
2、熟练使用Office等办公软件，优秀的文案编制能力，独立完成高质量的方案编制工作；
3、 熟悉自动化、信息化、网络化、数字化方案的技术原理，系统组成，发展趋势等相关知识；
4、 优秀的语言表达和沟通能力，能够协调各种关系；
5、 具备ERP、MES、PLM、离散仿真等数字化工业软件应用、开发能力者优先。"
图像算法工程师,数据中心网络,25-50K,无锡,上海安维尔信息科技股份有限公司,"算法,人工智能,深度学习",5-10年,社招,数据中心网络,2023/1/11,"岗位职责：
1、将算法与平台结合进行产品化；
2、将视频算法、平台整合落地为实际产品。
任职要求：
1. 理工科硕士及以上学历（优秀本科生也考虑，可接受实习生），有深度学习， 卷积神经网络， 模式识别， 目标识别跟踪等视频算法科研前沿有涉猎的优先考虑；
2. 熟悉至少下列中一项技能 C++， GPU， Matlab的优先考虑；
3. 对模式识别有浓厚兴趣优先考虑"
算法专家（可兼职）,数据中心网络,14-15K,无锡,无锡素源网络科技有限公司,"算法,数字",1-3年,社招,数据中心网络,2023/1/11,"1.对数字敏感，做过数据统计或者是统计专业、数学专业，硕士优先
2.有产品经理思维
3.具体薪资面议"
存储器设计工程师,数据中心网络,13-26K,无锡,中科芯集成电路有限公司,Verilog,经验不限,社招,数据中心网络,2023/1/11,"1.进行评估工艺，并提出工艺需求，协助进行芯片设计方案的制定；
2.基于设计方案及相关设计流程，进行电路设计、分析、仿真、验证；
3.根据设计方案的要求，协助后端进行版图布局与设计，并带版图寄生参数的网表进行后仿真验证等工作；
4.协助版图设计人员进行最终的版图检查，并形成最终的流片数据；
5.配合测试工程师完成电路测试评价；
6.编写相关技术文档。
职位要求
1.有扎实的数字电路与模拟电路基础，熟悉半导体原理知识，对工艺、器件有一定了解；
2.能够熟练使用Synopsys/Cadence/Mentor等IC设计软件，熟悉Spectre、Hspice、Hsim等仿真工具；
3.熟悉集成电路设计，有过有Memory、PLL、IO、OPA、Bandgap等电路设计经验者优先相关电路设计、流片经验者优先。"
SAS程序员,数据中心网络,15-30K,无锡,无锡慧方科技有限公司,sas,3-5年,社招,数据中心网络,2023/1/11,"职位描述：
1.根据公司SOP对临床试验的数据进行整理。
2.使用SAS软件进行数据处理，通过SAS编程按时，高质量的完成递交数据集并产生相应的统计表格和图表。
3.负责SAS工具的研发及编写，为相关部门提供技术支持。
4.协助统计师完成临床试验的统计工作。
5.为新入职员工提供基本技能的培训。
6.持续关注并引入新的技术，测试方法和前沿技术领域来帮忙进一步提升临床试验开发效率和质量。
任职资格要求：
1.统计/数学/计算机/生物等相关专业本科以上学历，至少1年的SAS程序开发经验。
2.熟悉SAS/Base，SAS/Macros，SAS/STAT等。
3.英语基础读写熟练英语4级以上。
4.逻辑思维能力。
5.团队合作能力。
6.足够的细心。"
智能化测试系统开发,数据中心网络,15-30K,无锡,深海技术科学太湖实验室,"计算机相关专业,通信相关专业",3-5年,社招,数据中心网络,2023/1/11,"岗位职责：
1.智能/无人船艇实海试验技术研究及系统开发，如实船航行性能试验技术研究、智能船/无人艇试验与验证技术研究，兼顾无锡及连云港两地工作；
2.测试与监测系统集成与研发，如海洋环境测试/监测技术、实船尾流场测量技术、实船推力测量技术等；
3.船舶实船试验及试验数据分析、报告编写等；
4.完成领导交办的其他工作。
岗位要求：
1.硕士及以上学历,船舶与海洋工程、控制科学与工程、计算机科学与技术、电气工程、仪器科学与技术、信息与通信工程等相关专业；
2.3年以上相关工作经验，从事过智能船或无人艇相关测试技术研究项目；
3.了解船舶航行操控、轮机等模拟器技术，了解硬件在环测试、数字孪生等新兴技术趋势；
4.熟悉智能船舶、无人艇等相关系统组成；
5.具有一定的科技专业知识及科研项目经历，具备从事专业相关的技术及研发工作的能力；
6.如有从事过智能船或无人艇相关测试技术研究项目经历者优先。
（本岗位招聘截止至2022年9月27日，如有意向，请尽快报名。）"
算法工程师,数据中心网络,12-22K,无锡,中科海拓（无锡）科技有限公司,"无明显侧重,语音/图像识别,Python,C/C++,TensorFlow/PyTorch,计算机相关专业,机器学习算法/工程化经验,深度学习经验",1-3年,社招,数据中心网络,2023/1/11,"岗位职责：
1、从事基于深度学习的计算机视觉相关项目开发工作； 
2、针对问题设计并实现相关的模型与算法，并能够制作数据集对模型与算法进行测试验证；
3、改造移植模型与算法，使其能够适配具体计算环境，并能够针对产品研发过程中发现的性能瓶颈进行分析及优化；
4、编写算法相关技术文档。
任职要求：
1、熟练掌握C/C++/Java/Python语言中的一种或几种，能对算法复杂度进行分析和验证；  
2、掌握常规的数据分析方法，基本的统计模型，有机器学习、深度学习经验者优先；
3、能够在Linux环境下编程，熟悉操作系统底层机制；
4、良好的抗压能力和团队协作能力；
5、良好的写作与沟通能力，能清楚的阐述算法的原理、流程及结果等；"
模型策略分析师,数据中心网络,18-30K,无锡,无锡锡商银行股份有限公司,"风控建模,风控策略,Python,SQL,R语言",1-3年,社招,数据中心网络,2023/1/11,"主要职责：
1、信用风险模型的开发和验证：基于实际数据，开发申请评分、催收评分等信用风险模型，对已有模型的运行情况进行监控、验证；
2、信贷风控策略的设计和优化：综合利用各种分析手段，设计信贷产品的风控策略，并对策略运行情况进行追踪、评估和优化；
3、反欺诈模型和策略的设计、开发和验证：设计并开发信贷产品的线上反欺诈模型和策略，并对模型和策略的运行情况进行监控、验证；
4、信贷产品和流程的风险控制：对贷款产品的线上风控流程进行设计、评估。
任职资格：
1、数学、统计学、经济学（计量经济学方向）或有较强机器学习理论和实践背景的其他专业，硕士研究生以上学历；
2、熟练掌握SAS、STATA、R软件中的至少一种，能熟练使用python的优先；
3、逻辑思维能力突出，对数据分析有浓厚的兴趣，踏实认真，有责任感；
4、1-3年建模经验，有互金头部平台模型策略团队经验优先。特别优秀的应届毕业生亦可考虑。"
智能制造工程师,数据中心网络,12-18K,无锡,博世（中国）投资有限公司,"新能源,汽车制造,英语可作为工作语言,沟通能力强",经验不限,社招,数据中心网络,2023/1/11,"岗位内容：
1. 根据产品发布和生产计划规划制造流程和机床投资
2. 负责新机器和设备的预/最终验收放行和试生产支持
3. 根据博世标准程序实施质量工具（FMEA、CP、防错、PSS…）
4. 精益生产体系在生产区的实施
5. 在车间实施质量工具（SPC、POKA YOKE、PDCA、PSS…）
6. 领导并负责技术/质量问题的故障排除和解决过程。
7. 确保生产线能够获得所有支持，以满足生产产出目标。
8. 协调/负责有关生产稳定性、成本降低、质量改进、产量增加和客户满意度的项目
9. 遵守所有工厂健康和安全规定和程序
10. 用于流程和质量改进的数字解决方案和数据分析
11. 与支持部门合作准备备件、工具、转换件、机器，以满足生产要求
12. 准备审核的所有计划问题，并陪同审核员确保审核成功
职位要求：
1. 工程或相关专业学士或硕士学位
2. 熟练使用Excel、Word和Power Point
3. 良好的英语和/或德语沟通能力
4. 3年批量生产规划或制造工作经验
5. 熟悉制造工艺，如铣削、装配、测试等。"
人力资源管培生（校招）,数据中心网络,9-11K,无锡,远东控股集团有限公司,"组织发展,HRBP经验,职能部门,COE,人力资源,COE招聘",在校/应届,社招,数据中心网络,2023/1/11,"岗位职责:
一、 人力资源规划
1. 根据公司业务发展，组织制定集团人力资源规划工作，包括部门定岗定编管理，组织各部门完成《组织手册》修订。
2. 统筹各子公司及部门完成人才盘点与诊断，提出人员结构和人员优化管理建议，并进行报批实施。
3. 统筹完成集团《人力资源制度》的修订与完成，并审核各子公司制度流程，保证母子公司在制度流程原则性和方向性保持统一。
二、 任职资格管理
1. 负责集团及指导控股公司任职资格管理体系建立和完善；
2. 组织集团及指导控股公司员工任职资格考评。
三、 找聘配置
1. 负责集团本部岗位找聘、配置、任命与发文，并指导各控股公司找聘专员开展找聘活动，跟踪远东系整体找聘效果，统计分析找聘数据，并进行数据的有效监控，及时调整找聘策略。
2. 统筹远东系找聘渠道，开发、维护政府、网站、人才市场、学校、猎头等各类找聘渠道，并评估各渠道使用效果，核算找聘成本，根据使用情况及时调整;
3. 负责校企合作管理相关工作，跟踪落实校企合作日常运营情况并实时优化调整。
4. 三站管理，负责博士后工作站、院士工作站和研究生实践基地等相关工作，完成年度评审、导师遴选、人员进出站等相关事项。
四、 体系化建设
1.统筹远东系找聘系统建设，优化与调整，提高找聘智能化水平；
2.优化找聘制度流程，健全找聘体系，督导各公司严格执行；
3.参与人才库搭建，盘活人才资源，提升找聘效率和质量
4.参与集团本部员工敬业度调研及改进项目，不断提升员工敬业度水平。
五、其他事项
根据年度人员找聘计划，协助完成岗位发布、邀约、选拔、面试、测评、背调、offer谈判、面试审批等工作以确保空缺岗位人员找聘的完成率。
任职要求:
任职要求
（1）较强的综合分析能力、沟通协调能力和文字表达能力；
（2）有责任心，认真负责，积极主动，并能承受较强的工作压力；
（3）掌握人力资源管理基础知识；
（4）具备较强的学习能力和系统思维能力；
（5）硕士研究生及以上学历、人力资源相关专业。"
算法实习生（24年毕业）,数据中心网络,200-300元/天,无锡,上海安维尔信息科技股份有限公司,"C/C++,研究导向,智能驾驶,目标跟踪",5天/周 3个月,社招,数据中心网络,2023/1/11,"根据业务需求进行产品算法设计；
对算法设计进行验证，强化算法在实际任务中的落地；
能够独立完成产品优化集成，有一定的集成能力；
                
任职资格：
  1、硕士及以上学历，有目标跟踪相关经验优先考虑；
  2、熟悉卡尔曼滤波器，kcf,meanshif,tld,光流，深度学习等算法，能跟踪单目标，多目标跟踪等前沿论文，熟悉单目标多目标的数据集
  3、性格开朗，团队合作能力强。"
算法专家,数据中心网络,25-50K,无锡,中科海拓（无锡）科技有限公司,"视觉图像算法,深度学习算法,人脸识别,TensorFlow,Caffe,PyTorch",5-10年,社招,数据中心网络,2023/1/11,"岗位职责：	
1、带领团队负责计算机视觉领域的算法研究、实现与应用；
2、熟练掌握与摄像头相关机器视觉图像处理能力技术，具备分析、识别算法的设计、实现及性能调优；
3、具备三维重建、点云处理、工业检测等相关算法研发与实施相关经验；
4、图像视觉应用软件的设计与实现,算法测试，数据分析，硬件性能测试评估等。
任职要求：	
1、计算机、软件、数学、控制相关专业等，硕士毕业6年以上相关经验 / 博士毕业3年以上相关经验；
2、熟悉计算机视觉与机器学习领域的基础理论，算法，实现已经相关的应用；
3、熟练掌握目标识别与机器学习领域相关算法，包括但不限于：特征点检测与匹配、场景分割、聚类与监督学习、概率图模型、深度学习等；
4、熟悉C、C++、Python语言开发，掌握TensorFlow、Pytorch、MXNet等深度学习库框架，OpenCV、Scikit-learn等视觉、机器学习库；
5、具备良好的英语读写能力；
6、有利用ARM/GPU/NEON/DSP实现算法的项目经验，了解嵌入式平台图像处理和算法 加速经验更佳，有算法硬件测试及优化经验者优先；
7、3年以上带团队的经验，具有较强的团队管理与协调能力，能偶有效把控格项目推进与实施力度；
8、该岗位属于高管岗位，薪资面议。"
产品测试工程师_PS,数据中心网络,12-18K,无锡,博世（中国）投资有限公司,"功能测试,性能测试",3-5年,社招,数据中心网络,2023/1/11,"【职位描述】
-Responsible for EAC function and performance verification 
Main tasks:
- EAC requirements clarification and function analysis 
 
- EAC performance and endurance test, including specification & method definition/ test plan & resource coordination/ investigations & report, etc.
- Develop testing technology and methods for specific function group (e.g. air bearing/ rotor dynamic system/ motor temperature, NVH relevant.)   
- Define specifications including: product specifications (TCD), test specifications, work instructions.
-Test facilities/equipment/tools/fixtures preparation, release and maintenance
- Problem solving / plant support for testing relevant
【任职要求】
- Master degree major in Mechatronics/ mechanical engineering/ instrumentation etc. related
- Knowledge of measurement control and instrumentation (e.g. sensor/ flowmeter/ oscilloscope…) is preferred
- Knowledge of electrical vehicle/ fuel cell system/ control system/ aero dynamic is a plus
- Good English Language Skills (fluent discussion of technical topics possible), CET6 
- pro-active, curiosity, good communication and problem solving ability
博世集团网上招聘数据处理同意声明
博世集团（博世）感谢您对本职位有兴趣。在您自行或通过第三方投递本职位前，请仔细阅读本声明。您的投递将被视作理解并同意本声明并自愿做出单独同意。
个人信息包括姓名，联系方式，工作经历，教育背景及相关证明材料，将被用于招聘流程。
招聘流程：由博世集团人力资源部、用户部门经理和招聘团队共同负责。招聘流程中，鉴于参与招聘的前述人员可能隶属于位于全球的不同博世公司，因此您的数据将被跨境传输到中国香港地区、中国台湾地区、美国及欧洲。您的个人资料只有在必须时才会被提供给博世以外的第三方机构。博世与第三方机构签订了保密合同。您申请特定职位时，若您同意，博世会将您的求职申请转向博世内部的另一职位。
您的个人信息将会存储在【SmartRecruiters招聘系统】，本系统由欧洲智能招聘有限公司（地址：英国伯克郡温莎亚瑟路圣斯蒂芬大厦，邮政区码：SL4 1RU）开发，并在您的设备和该系统之间使用了高级加密/解密程序，以保证数据传输的安全性。该系统以云端服务的形式运行。紧急情况下，欧洲智能招聘公司可进行临时访问。请确保您所提供的数据真实准确。
如果您对所申请的职位失去兴趣，可以随时撤回求职申请。撤回则代表您退出此职位的竞争。
申请流程结束后，博世将根据相关法律删除您的个人信息。拒绝或撤回后，与您的申请相关的所有资料将被保留至24 个月后。
1. 您的权利。如果您希望停止向博世提供您的个人资料，您可以通过求职申请中的邮箱登陆您的SmartRecruiters账号，并将您的档案删除。此删除即时生效，博世将不会保留您的任何信息。
如您需要查阅与修改您的数据，您可以在SmartRecruiters平台查阅和修改您的简历。进行再次投递后，我们会收到您最新的数据。
2. 雇佣。被雇佣后，您的数据将被从当前招聘系统转移至职位所属公司的人力资源管理系统。
3. 本政策如何更新。因公司业务和经营的变化或适用法律的变化，我们保留不时更新本政策的权利。我们将通过【邮件通知】的方式提供经更新的本政策，请您及时查看以获得更新。
4. 联系方式。若您需要访问并了解更多关于处理您个人信息的内容或提出权力行使的需求，依招聘平台不同，您可以通过招聘平台的对话功能与博世招聘人员联系，或访问博世中国官方主页：博世在中国>加入博世>工作机会，在网上招聘数据隐私声明中获取我们的联系方式（第三页）
现阶段使用网上招聘系统的博世集团法人
请通过访问博世中国官方主页：博世在中国>加入博世>工作机会，在网上招聘数据隐私声明中获取现阶段使用网上招聘系统的博世集团法人（第三页）"
运行助理,数据中心网络,7-10K,无锡,中科芯集成电路有限公司,"产品运行,文件管理,人员招聘",3-5年,社招,数据中心网络,2023/1/11,"工作内容
   一  产品研发生产过程中数据对外发送，和外协单位沟通，下载相关资料。
   二  文件资料管理工作
   三  协助完成其他行政事务工作及部门日常内部事务。
任职要求
1、教育背景：硕士
2、工作经验：3年以上工作经验，有IC工艺方面基础的优先
3、技能要求：能熟练操作MS OFFICE办公软件制作报表和演示文件
4、能力要求：组织协调能力强、善于沟通，
5、个性要求：敬业，为人正直，有工作激情
6、 中共党员优先考虑
7、 有体育、文艺等特长优先考虑"
目标跟踪算法工程师,数据中心网络,15-30K,无锡,上海安维尔信息科技股份有限公司,"深度学习算法,视觉图像算法",1-3年,社招,数据中心网络,2023/1/11,"1、负责人车等通用目标跟踪算法的开发；
  2、负责解决光照，阴影，遮挡，交错等实际应用中的多目标跟踪问题；
  3、负责大量路试数据的后处理，优化目标跟踪算法；
4、负责跟踪算法的实现和改进，将单目标跟踪算法和多目标跟踪算法应用到嵌入式产品中；
5、改进跟踪算法的效率和质量，协助嵌入式工程师实现单目标和多目标跟踪算法的优化和移植；
6、算法总结，实现，测试等文档编写
任职资格：
  1、本科及以上学历，有3年以上目标跟踪算法开发经验，优秀应届毕业生亦可接受；
  2、熟悉卡尔曼滤波器，kcf,meanshif,tld,光流，深度学习等算法，能跟踪单目标，多目标跟踪等前沿论文，熟悉单目标多目标的数据集
  3、性格开朗，团队合作能力强。"
FPGA⼯程师,数据中心网络,20-30K,无锡,无锡鸣石峻致医疗科技有限公司,"FPGA开发,电路设计,单片机开发,PCB工艺,硬件工程师,ModelSim,Cadence,Protel",1-3年,社招,数据中心网络,2023/1/11,"岗位职责：
1：利用FPGA开发设计DMA,FIFO,SDRAM，USB,SPI,PCI,PCIE,等常用数字电路
2：利用FPGA开发设计数字信号处理功能，但不限于数据速率降速，数字滤波，数字混频，FFT等
3：利用FPGA开发设计与微控制器（例如单片机）通信接口电路
4：利用FPGA或者CPLD设计出需要的各种时钟电路，但不限于FPGA内部PLL
5：利用FPGA或者CPLD对相关数字芯片进行配置和调试，但不限于DAC、ADC、DDS、PLL等
6：配合射频工程师进行链路功能联调，性能联调、噪声源排查等调试任务
7：攥写相应的设计，测试，调试文档
8：FPGA数字电路原理图设计，以及指导PCB工程师对8层以上板子进行布局布线相关知识技能要求：
1 熟练使用约束条件设计出具有高性能的基于FPGA数字逻辑电路和数字时序电路
2熟练使用FPGA的开发工具调试仿真综合出性能最佳的数字电路
3熟悉数字电路，熟悉数字信号处理加分项
4了解射频原理加分项
工作经验要求：
• 2年以上医疗，通信或者工业检测行业FPGA研发经验，有高速信号（工作频率10MHz以上）处理经验尤佳
• 有手机开发，基站RRU,BBU等基带信号FPGA处理经验尤佳
学历与专业要求：
• 通信工程，无线电，电路与系统，微电子等相关专业
• 硕士及以上学历优先"
算法专家,数据中心网络,30-60K,无锡,中科海拓（无锡）科技有限公司,"深度学习算法,视觉图像算法,嵌入式技术,数据分析,TensorFlow,PyTorch,人工智能,大数据",5-10年,社招,数据中心网络,2023/1/11,"岗位职责：	
1、带领团队负责计算机视觉领域的算法研究、实现与应用；
2、熟练掌握与摄像头相关机器视觉图像处理能力技术，具备分析、识别算法的设计、实现及性能调优；
3、具备三维重建、点云处理、工业检测等相关算法研发与实施相关经验；
4、图像视觉应用软件的设计与实现,算法测试，数据分析，硬件性能测试评估等。
任职要求：	
1、计算机、软件、数学、控制相关专业等，硕士毕业6年以上相关经验 / 博士毕业3年以上相关经验；
2、熟悉计算机视觉与机器学习领域的基础理论，算法，实现已经相关的应用；
3、熟练掌握目标识别与机器学习领域相关算法，包括但不限于：特征点检测与匹配、场景分割、聚类与监督学习、概率图模型、深度学习等；
4、熟悉C、C++、Python语言开发，掌握TensorFlow、Pytorch、MXNet等深度学习库框架，OpenCV、Scikit-learn等视觉、机器学习库；
5、具备良好的英语读写能力；
6、有利用ARM/GPU/NEON/DSP实现算法的项目经验，了解嵌入式平台图像处理和算法 加速经验更佳，有算法硬件测试及优化经验者优先；
7、3年以上带团队的经验，具有较强的团队管理与协调能力，能偶有效把控格项目推进与实施力度。"
软件项目主管（无锡）,数据中心网络,13-26K,无锡,中科芯集成电路有限公司,"信息化,管理系统,ERP,MES系统,需求分析评估",3-5年,社招,数据中心网络,2023/1/11,"岗位职责
1、负责企业整体信息化平台建设规划，包括规划与建设、制度建立与执行、信息系统实施与风控、数据安全机制的建立；
2、针对软件项目，了解业务需求，对现有流程进行整合、调整、维护、优化，编制详细建设方案，支持后续实施工作；
3、组织相关业务部门，与实施方一起推动业务系统上线工作，全程控制实施风险，按期保质达成目标；
4、根据企业需求变更，负责相应软件项目、模块的需求分析、设计与变更控制；
5、主动、及时导入先进的信息化技术，提升企业运作效率。
任职资格
1、有5年以上企业信息化管理、实施、开发经验；
2、参与过ERP、SAP、PLM/PDM、项目管理、MES等系统建设，了解ERP、PDM系统的管理逻辑，熟悉项目管控过程；
3、撰写项目调研、方案报告功底较强，了解现代企业管理方法论者优先；
4、具备较强的沟通能力，能够与业务部门、供应商高效沟通，并形成技术方案；
5、责任心强，较强抗压能力，具有团队合作精神，具有较强的自我学习能力；"
中科芯招聘质量管理/测试,数据中心网络,9-11K,无锡,中科芯集成电路有限公司,"IQC,SQE,QC,TS16949,ISO9001",3-5年,社招,数据中心网络,2023/1/11,"岗位职责：
1、主持落实质量管理队伍的建设，负责质量部门人员的日常管理与考核；
2、负责事业部质量工作的总体策划、推进，事业部质量管理体系的建设工作；
3、负责协调处理事业部所有产品质量直接相关业务中的事宜；
4、确保产品全流程过程中所产生的质量问题及不合格品得到及时有效地处理，跟踪并闭环；
5、全面负责供应商质量管理体系的建立，设立供应商考评体系，供应商资质的定期检查；
6、负责质量数据的收集、整理、分析、存档及报送等工作；
7、负责事业部外包方审查的总体策划、推进；
8、组织外包方过程生产巡检，确保质量管控措施得到有效执行；
9、负责并协助外包方建立生产流程管理文件并负责输出外包方工艺控制文件；
10、完成上级领导交代的其他工作；
岗位要求：硕士及以上学历，电子类或电气类相关专业；具有从事电子产品质量管理工作3年以上工作经历；熟悉电子产品生产制造流程，精通各类办公软件；具备良好的策划组织能力、判断决策能力、理解能力、沟通能力和表达能力；高度的工作热情和责任心，良好的职业道德，严谨认真的作风
原标题：《质量主管》"
信息化项目主管,数据中心网络,9-14K,无锡,中科芯集成电路有限公司,"需求分析评估,项目实施,系统集成",1-3年,社招,数据中心网络,2023/1/11,"岗位职责:
1、负责企业整体信息化平台建设规划，包括规划与建设、制度建立与执行、信息系统实施与风控、数据安全机制的建立；
2、针对软件项目，了解业务需求，对现有流程进行整合、调整、维护、优化，编制详细建设方案，支持后续实施工作；
3、组织相关业务部门，与实施方一起推动业务系统上线工作，全程控制实施风险，按期保质达成目标；
4、根据企业需求变更，负责相应软件项目、模块的需求分析、设计与变更控制；
5、主动、及时导入先进的信息化技术，提升企业运作效率。
任职资格:
1、有5年以上企业信息化管理、实施、开发经验；
2、参与过ERP、SAP、PLM/PDM、项目管理、MES等系统建设，了解ERP、PDM系统的管理逻辑，熟悉项目管控过程；
3、撰写项目调研、方案报告功底较强，了解现代企业管理方法论者优先；
4、具备较强的沟通能力，能够与业务部门、供应商高效沟通，并形成技术方案；
5、责任心强，较强抗压能力，具有团队合作精神，具有较强的自我学习能力；
加分项
有以下行业经验：计算机软件"
